start,end,price,price_origin
2025-10-17T22:00:00+00:00,2025-10-17T22:15:00+00:00,0.09361,market
2025-10-17T22:15:00+00:00,2025-10-17T22:30:00+00:00,0.10362,market
2025-10-17T22:30:00+00:00,2025-10-17T22:45:00+00:00,0.0934,market
2025-10-17T22:45:00+00:00,2025-10-17T23:00:00+00:00,0.08783,market
2025-10-17T23:00:00+00:00,2025-10-17T23:15:00+00:00,0.09635,market
2025-10-17T23:15:00+00:00,2025-10-17T23:30:00+00:00,0.08971,market
2025-10-17T23:30:00+00:00,2025-10-17T23:45:00+00:00,0.08682,market
2025-10-17T23:45:00+00:00,2025-10-18T00:00:00+00:00,0.08656,market
2025-10-18T00:00:00+00:00,2025-10-18T00:15:00+00:00,0.0972,market
2025-10-18T00:15:00+00:00,2025-10-18T00:30:00+00:00,0.0898,market
2025-10-18T00:30:00+00:00,2025-10-18T00:45:00+00:00,0.08687,market
2025-10-18T00:45:00+00:00,2025-10-18T01:00:00+00:00,0.08538,market
2025-10-18T01:00:00+00:00,2025-10-18T01:15:00+00:00,0.08651,market
2025-10-18T01:15:00+00:00,2025-10-18T01:30:00+00:00,0.08683,market
2025-10-18T01:30:00+00:00,2025-10-18T01:45:00+00:00,0.08962,market
2025-10-18T01:45:00+00:00,2025-10-18T02:00:00+00:00,0.09038,market
2025-10-18T02:00:00+00:00,2025-10-18T02:15:00+00:00,0.08541,market
2025-10-18T02:15:00+00:00,2025-10-18T02:30:00+00:00,0.08607,market
2025-10-18T02:30:00+00:00,2025-10-18T02:45:00+00:00,0.08929,market
2025-10-18T02:45:00+00:00,2025-10-18T03:00:00+00:00,0.09263,market
2025-10-18T03:00:00+00:00,2025-10-18T03:15:00+00:00,0.08236,market
2025-10-18T03:15:00+00:00,2025-10-18T03:30:00+00:00,0.08506,market
2025-10-18T03:30:00+00:00,2025-10-18T03:45:00+00:00,0.09341,market
2025-10-18T03:45:00+00:00,2025-10-18T04:00:00+00:00,0.09243,market
2025-10-18T04:00:00+00:00,2025-10-18T04:15:00+00:00,0.08022,market
2025-10-18T04:15:00+00:00,2025-10-18T04:30:00+00:00,0.0854,market
2025-10-18T04:30:00+00:00,2025-10-18T04:45:00+00:00,0.0957,market
2025-10-18T04:45:00+00:00,2025-10-18T05:00:00+00:00,0.1065,market
2025-10-18T05:00:00+00:00,2025-10-18T05:15:00+00:00,0.09319,market
2025-10-18T05:15:00+00:00,2025-10-18T05:30:00+00:00,0.10874,market
2025-10-18T05:30:00+00:00,2025-10-18T05:45:00+00:00,0.11587,market
2025-10-18T05:45:00+00:00,2025-10-18T06:00:00+00:00,0.12009,market
2025-10-18T06:00:00+00:00,2025-10-18T06:15:00+00:00,0.12119,market
2025-10-18T06:15:00+00:00,2025-10-18T06:30:00+00:00,0.11752,market
2025-10-18T06:30:00+00:00,2025-10-18T06:45:00+00:00,0.1165,market
2025-10-18T06:45:00+00:00,2025-10-18T07:00:00+00:00,0.10297,market
2025-10-18T07:00:00+00:00,2025-10-18T07:15:00+00:00,0.12499,market
2025-10-18T07:15:00+00:00,2025-10-18T07:30:00+00:00,0.11567,market
2025-10-18T07:30:00+00:00,2025-10-18T07:45:00+00:00,0.09287,market
2025-10-18T07:45:00+00:00,2025-10-18T08:00:00+00:00,0.07544,market
2025-10-18T08:00:00+00:00,2025-10-18T08:15:00+00:00,0.11491,market
2025-10-18T08:15:00+00:00,2025-10-18T08:30:00+00:00,0.09169,market
2025-10-18T08:30:00+00:00,2025-10-18T08:45:00+00:00,0.08288,market
2025-10-18T08:45:00+00:00,2025-10-18T09:00:00+00:00,0.07639,market
2025-10-18T09:00:00+00:00,2025-10-18T09:15:00+00:00,0.08799,market
2025-10-18T09:15:00+00:00,2025-10-18T09:30:00+00:00,0.08261,market
2025-10-18T09:30:00+00:00,2025-10-18T09:45:00+00:00,0.07979,market
2025-10-18T09:45:00+00:00,2025-10-18T10:00:00+00:00,0.07276,market
2025-10-18T10:00:00+00:00,2025-10-18T10:15:00+00:00,0.07844,market
2025-10-18T10:15:00+00:00,2025-10-18T10:30:00+00:00,0.07585,market
2025-10-18T10:30:00+00:00,2025-10-18T10:45:00+00:00,0.07378,market
2025-10-18T10:45:00+00:00,2025-10-18T11:00:00+00:00,0.06769,market
2025-10-18T11:00:00+00:00,2025-10-18T11:15:00+00:00,0.06867,market
2025-10-18T11:15:00+00:00,2025-10-18T11:30:00+00:00,0.0656,market
2025-10-18T11:30:00+00:00,2025-10-18T11:45:00+00:00,0.06753,market
2025-10-18T11:45:00+00:00,2025-10-18T12:00:00+00:00,0.06833,market
2025-10-18T12:00:00+00:00,2025-10-18T12:15:00+00:00,0.06441,market
2025-10-18T12:15:00+00:00,2025-10-18T12:30:00+00:00,0.0704,market
2025-10-18T12:30:00+00:00,2025-10-18T12:45:00+00:00,0.07514,market
2025-10-18T12:45:00+00:00,2025-10-18T13:00:00+00:00,0.07924,market
2025-10-18T13:00:00+00:00,2025-10-18T13:15:00+00:00,0.07122,market
2025-10-18T13:15:00+00:00,2025-10-18T13:30:00+00:00,0.07841,market
2025-10-18T13:30:00+00:00,2025-10-18T13:45:00+00:00,0.08627,market
2025-10-18T13:45:00+00:00,2025-10-18T14:00:00+00:00,0.0981,market
2025-10-18T14:00:00+00:00,2025-10-18T14:15:00+00:00,0.0669,market
2025-10-18T14:15:00+00:00,2025-10-18T14:30:00+00:00,0.08465,market
2025-10-18T14:30:00+00:00,2025-10-18T14:45:00+00:00,0.10615,market
2025-10-18T14:45:00+00:00,2025-10-18T15:00:00+00:00,0.1285,market
2025-10-18T15:00:00+00:00,2025-10-18T15:15:00+00:00,0.08728,market
2025-10-18T15:15:00+00:00,2025-10-18T15:30:00+00:00,0.11094,market
2025-10-18T15:30:00+00:00,2025-10-18T15:45:00+00:00,0.12223,market
2025-10-18T15:45:00+00:00,2025-10-18T16:00:00+00:00,0.16211,market
2025-10-18T16:00:00+00:00,2025-10-18T16:15:00+00:00,0.12618,market
2025-10-18T16:15:00+00:00,2025-10-18T16:30:00+00:00,0.13202,market
2025-10-18T16:30:00+00:00,2025-10-18T16:45:00+00:00,0.13852,market
2025-10-18T16:45:00+00:00,2025-10-18T17:00:00+00:00,0.13622,market
2025-10-18T17:00:00+00:00,2025-10-18T17:15:00+00:00,0.13839,market
2025-10-18T17:15:00+00:00,2025-10-18T17:30:00+00:00,0.12722,market
2025-10-18T17:30:00+00:00,2025-10-18T17:45:00+00:00,0.11806,market
2025-10-18T17:45:00+00:00,2025-10-18T18:00:00+00:00,0.11562,market
2025-10-18T18:00:00+00:00,2025-10-18T18:15:00+00:00,0.133,market
2025-10-18T18:15:00+00:00,2025-10-18T18:30:00+00:00,0.11538,market
2025-10-18T18:30:00+00:00,2025-10-18T18:45:00+00:00,0.10598,market
2025-10-18T18:45:00+00:00,2025-10-18T19:00:00+00:00,0.09762,market
2025-10-18T19:00:00+00:00,2025-10-18T19:15:00+00:00,0.09916,market
2025-10-18T19:15:00+00:00,2025-10-18T19:30:00+00:00,0.09702,market
2025-10-18T19:30:00+00:00,2025-10-18T19:45:00+00:00,0.08914,market
2025-10-18T19:45:00+00:00,2025-10-18T20:00:00+00:00,0.08489,market
2025-10-18T20:00:00+00:00,2025-10-18T20:15:00+00:00,0.10416,market
2025-10-18T20:15:00+00:00,2025-10-18T20:30:00+00:00,0.09586,market
2025-10-18T20:30:00+00:00,2025-10-18T20:45:00+00:00,0.09688,market
2025-10-18T20:45:00+00:00,2025-10-18T21:00:00+00:00,0.08541,market
2025-10-18T21:00:00+00:00,2025-10-18T21:15:00+00:00,0.10587,market
2025-10-18T21:15:00+00:00,2025-10-18T21:30:00+00:00,0.09635,market
2025-10-18T21:30:00+00:00,2025-10-18T21:45:00+00:00,0.08931,market
2025-10-18T21:45:00+00:00,2025-10-18T22:00:00+00:00,0.08589,market
2025-10-18T22:00:00+00:00,2025-10-18T22:15:00+00:00,0.10322,market
2025-10-18T22:00:00+00:00,2025-10-18T22:15:00+00:00,0.08753,forecast
2025-10-18T22:15:00+00:00,2025-10-18T22:30:00+00:00,0.092,market
2025-10-18T22:15:00+00:00,2025-10-18T22:30:00+00:00,0.0892,forecast
2025-10-18T22:30:00+00:00,2025-10-18T22:45:00+00:00,0.08758,market
2025-10-18T22:30:00+00:00,2025-10-18T22:45:00+00:00,0.08599,forecast
2025-10-18T22:45:00+00:00,2025-10-18T23:00:00+00:00,0.08657,market
2025-10-18T22:45:00+00:00,2025-10-18T23:00:00+00:00,0.08364,forecast
2025-10-18T23:00:00+00:00,2025-10-18T23:15:00+00:00,0.09565,market
2025-10-18T23:00:00+00:00,2025-10-18T23:15:00+00:00,0.08103,forecast
2025-10-18T23:15:00+00:00,2025-10-18T23:30:00+00:00,0.08943,market
2025-10-18T23:15:00+00:00,2025-10-18T23:30:00+00:00,0.0801,forecast
2025-10-18T23:30:00+00:00,2025-10-18T23:45:00+00:00,0.08492,market
2025-10-18T23:30:00+00:00,2025-10-18T23:45:00+00:00,0.07974,forecast
2025-10-18T23:45:00+00:00,2025-10-19T00:00:00+00:00,0.08034,market
2025-10-18T23:45:00+00:00,2025-10-19T00:00:00+00:00,0.07927,forecast
2025-10-19T00:00:00+00:00,2025-10-19T00:15:00+00:00,0.08643,market
2025-10-19T00:00:00+00:00,2025-10-19T00:15:00+00:00,0.07972,forecast
2025-10-19T00:15:00+00:00,2025-10-19T00:30:00+00:00,0.0815,market
2025-10-19T00:15:00+00:00,2025-10-19T00:30:00+00:00,0.07875,forecast
2025-10-19T00:30:00+00:00,2025-10-19T00:45:00+00:00,0.08172,market
2025-10-19T00:30:00+00:00,2025-10-19T00:45:00+00:00,0.07833,forecast
2025-10-19T00:45:00+00:00,2025-10-19T01:00:00+00:00,0.07952,market
2025-10-19T00:45:00+00:00,2025-10-19T01:00:00+00:00,0.07875,forecast
2025-10-19T01:00:00+00:00,2025-10-19T01:15:00+00:00,0.08307,market
2025-10-19T01:00:00+00:00,2025-10-19T01:15:00+00:00,0.0791,forecast
2025-10-19T01:15:00+00:00,2025-10-19T01:30:00+00:00,0.08058,market
2025-10-19T01:15:00+00:00,2025-10-19T01:30:00+00:00,0.07982,forecast
2025-10-19T01:30:00+00:00,2025-10-19T01:45:00+00:00,0.08152,market
2025-10-19T01:30:00+00:00,2025-10-19T01:45:00+00:00,0.08161,forecast
2025-10-19T01:45:00+00:00,2025-10-19T02:00:00+00:00,0.08339,market
2025-10-19T01:45:00+00:00,2025-10-19T02:00:00+00:00,0.0839,forecast
2025-10-19T02:00:00+00:00,2025-10-19T02:15:00+00:00,0.08359,market
2025-10-19T02:00:00+00:00,2025-10-19T02:15:00+00:00,0.08221,forecast
2025-10-19T02:15:00+00:00,2025-10-19T02:30:00+00:00,0.08235,market
2025-10-19T02:15:00+00:00,2025-10-19T02:30:00+00:00,0.0827,forecast
2025-10-19T02:30:00+00:00,2025-10-19T02:45:00+00:00,0.08409,market
2025-10-19T02:30:00+00:00,2025-10-19T02:45:00+00:00,0.08496,forecast
2025-10-19T02:45:00+00:00,2025-10-19T03:00:00+00:00,0.08282,market
2025-10-19T02:45:00+00:00,2025-10-19T03:00:00+00:00,0.08854,forecast
2025-10-19T03:00:00+00:00,2025-10-19T03:15:00+00:00,0.08237,market
2025-10-19T03:00:00+00:00,2025-10-19T03:15:00+00:00,0.08678,forecast
2025-10-19T03:15:00+00:00,2025-10-19T03:30:00+00:00,0.08129,market
2025-10-19T03:15:00+00:00,2025-10-19T03:30:00+00:00,0.08687,forecast
2025-10-19T03:30:00+00:00,2025-10-19T03:45:00+00:00,0.08562,market
2025-10-19T03:30:00+00:00,2025-10-19T03:45:00+00:00,0.08916,forecast
2025-10-19T03:45:00+00:00,2025-10-19T04:00:00+00:00,0.08471,market
2025-10-19T03:45:00+00:00,2025-10-19T04:00:00+00:00,0.09239,forecast
2025-10-19T04:00:00+00:00,2025-10-19T04:15:00+00:00,0.0825,market
2025-10-19T04:00:00+00:00,2025-10-19T04:15:00+00:00,0.09117,forecast
2025-10-19T04:15:00+00:00,2025-10-19T04:30:00+00:00,0.08234,market
2025-10-19T04:15:00+00:00,2025-10-19T04:30:00+00:00,0.09118,forecast
2025-10-19T04:30:00+00:00,2025-10-19T04:45:00+00:00,0.08514,market
2025-10-19T04:30:00+00:00,2025-10-19T04:45:00+00:00,0.09343,forecast
2025-10-19T04:45:00+00:00,2025-10-19T05:00:00+00:00,0.09102,market
2025-10-19T04:45:00+00:00,2025-10-19T05:00:00+00:00,0.09702,forecast
2025-10-19T05:00:00+00:00,2025-10-19T05:15:00+00:00,0.08555,market
2025-10-19T05:00:00+00:00,2025-10-19T05:15:00+00:00,0.09727,forecast
2025-10-19T05:15:00+00:00,2025-10-19T05:30:00+00:00,0.08777,market
2025-10-19T05:15:00+00:00,2025-10-19T05:30:00+00:00,0.09957,forecast
2025-10-19T05:30:00+00:00,2025-10-19T05:45:00+00:00,0.08349,market
2025-10-19T05:30:00+00:00,2025-10-19T05:45:00+00:00,0.10213,forecast
2025-10-19T05:45:00+00:00,2025-10-19T06:00:00+00:00,0.08421,market
2025-10-19T05:45:00+00:00,2025-10-19T06:00:00+00:00,0.10471,forecast
2025-10-19T06:00:00+00:00,2025-10-19T06:15:00+00:00,0.09873,market
2025-10-19T06:00:00+00:00,2025-10-19T06:15:00+00:00,0.10737,forecast
2025-10-19T06:15:00+00:00,2025-10-19T06:30:00+00:00,0.09556,market
2025-10-19T06:15:00+00:00,2025-10-19T06:30:00+00:00,0.10836,forecast
2025-10-19T06:30:00+00:00,2025-10-19T06:45:00+00:00,0.08187,market
2025-10-19T06:30:00+00:00,2025-10-19T06:45:00+00:00,0.10862,forecast
2025-10-19T06:45:00+00:00,2025-10-19T07:00:00+00:00,0.07247,market
2025-10-19T06:45:00+00:00,2025-10-19T07:00:00+00:00,0.10623,forecast
2025-10-19T07:00:00+00:00,2025-10-19T07:15:00+00:00,0.09686,market
2025-10-19T07:00:00+00:00,2025-10-19T07:15:00+00:00,0.1091,forecast
2025-10-19T07:15:00+00:00,2025-10-19T07:30:00+00:00,0.08282,market
2025-10-19T07:15:00+00:00,2025-10-19T07:30:00+00:00,0.10917,forecast
2025-10-19T07:30:00+00:00,2025-10-19T07:45:00+00:00,0.07443,market
2025-10-19T07:30:00+00:00,2025-10-19T07:45:00+00:00,0.10453,forecast
2025-10-19T07:45:00+00:00,2025-10-19T08:00:00+00:00,0.05962,market
2025-10-19T07:45:00+00:00,2025-10-19T08:00:00+00:00,0.09714,forecast
2025-10-19T08:00:00+00:00,2025-10-19T08:15:00+00:00,0.08151,market
2025-10-19T08:00:00+00:00,2025-10-19T08:15:00+00:00,0.10053,forecast
2025-10-19T08:15:00+00:00,2025-10-19T08:30:00+00:00,0.06996,market
2025-10-19T08:15:00+00:00,2025-10-19T08:30:00+00:00,0.09855,forecast
2025-10-19T08:30:00+00:00,2025-10-19T08:45:00+00:00,0.06772,market
2025-10-19T08:30:00+00:00,2025-10-19T08:45:00+00:00,0.09392,forecast
2025-10-19T08:45:00+00:00,2025-10-19T09:00:00+00:00,0.05936,market
2025-10-19T08:45:00+00:00,2025-10-19T09:00:00+00:00,0.08755,forecast
2025-10-19T09:00:00+00:00,2025-10-19T09:15:00+00:00,0.07405,market
2025-10-19T09:00:00+00:00,2025-10-19T09:15:00+00:00,0.08752,forecast
2025-10-19T09:15:00+00:00,2025-10-19T09:30:00+00:00,0.0662,market
2025-10-19T09:15:00+00:00,2025-10-19T09:30:00+00:00,0.08557,forecast
2025-10-19T09:30:00+00:00,2025-10-19T09:45:00+00:00,0.06003,market
2025-10-19T09:30:00+00:00,2025-10-19T09:45:00+00:00,0.08299,forecast
2025-10-19T09:45:00+00:00,2025-10-19T10:00:00+00:00,0.04092,market
2025-10-19T09:45:00+00:00,2025-10-19T10:00:00+00:00,0.07877,forecast
2025-10-19T10:00:00+00:00,2025-10-19T10:15:00+00:00,0.05436,market
2025-10-19T10:00:00+00:00,2025-10-19T10:15:00+00:00,0.07747,forecast
2025-10-19T10:15:00+00:00,2025-10-19T10:30:00+00:00,0.04005,market
2025-10-19T10:15:00+00:00,2025-10-19T10:30:00+00:00,0.07617,forecast
2025-10-19T10:30:00+00:00,2025-10-19T10:45:00+00:00,0.028,market
2025-10-19T10:30:00+00:00,2025-10-19T10:45:00+00:00,0.07484,forecast
2025-10-19T10:45:00+00:00,2025-10-19T11:00:00+00:00,0.01586,market
2025-10-19T10:45:00+00:00,2025-10-19T11:00:00+00:00,0.0729,forecast
2025-10-19T11:00:00+00:00,2025-10-19T11:15:00+00:00,0.02408,market
2025-10-19T11:00:00+00:00,2025-10-19T11:15:00+00:00,0.0715,forecast
2025-10-19T11:15:00+00:00,2025-10-19T11:30:00+00:00,0.02125,market
2025-10-19T11:15:00+00:00,2025-10-19T11:30:00+00:00,0.07036,forecast
2025-10-19T11:30:00+00:00,2025-10-19T11:45:00+00:00,0.01978,market
2025-10-19T11:30:00+00:00,2025-10-19T11:45:00+00:00,0.0702,forecast
2025-10-19T11:45:00+00:00,2025-10-19T12:00:00+00:00,0.01607,market
2025-10-19T11:45:00+00:00,2025-10-19T12:00:00+00:00,0.07042,forecast
2025-10-19T12:00:00+00:00,2025-10-19T12:15:00+00:00,0.01168,market
2025-10-19T12:00:00+00:00,2025-10-19T12:15:00+00:00,0.06939,forecast
2025-10-19T12:15:00+00:00,2025-10-19T12:30:00+00:00,0.02267,market
2025-10-19T12:15:00+00:00,2025-10-19T12:30:00+00:00,0.06999,forecast
2025-10-19T12:30:00+00:00,2025-10-19T12:45:00+00:00,0.04471,market
2025-10-19T12:30:00+00:00,2025-10-19T12:45:00+00:00,0.07157,forecast
2025-10-19T12:45:00+00:00,2025-10-19T13:00:00+00:00,0.06581,market
2025-10-19T12:45:00+00:00,2025-10-19T13:00:00+00:00,0.07387,forecast
2025-10-19T13:00:00+00:00,2025-10-19T13:15:00+00:00,0.04006,market
2025-10-19T13:00:00+00:00,2025-10-19T13:15:00+00:00,0.07395,forecast
2025-10-19T13:15:00+00:00,2025-10-19T13:30:00+00:00,0.06889,market
2025-10-19T13:15:00+00:00,2025-10-19T13:30:00+00:00,0.07547,forecast
2025-10-19T13:30:00+00:00,2025-10-19T13:45:00+00:00,0.0731,market
2025-10-19T13:30:00+00:00,2025-10-19T13:45:00+00:00,0.07851,forecast
2025-10-19T13:45:00+00:00,2025-10-19T14:00:00+00:00,0.08504,market
2025-10-19T13:45:00+00:00,2025-10-19T14:00:00+00:00,0.08321,forecast
2025-10-19T14:00:00+00:00,2025-10-19T14:15:00+00:00,0.05906,market
2025-10-19T14:00:00+00:00,2025-10-19T14:15:00+00:00,0.08074,forecast
2025-10-19T14:15:00+00:00,2025-10-19T14:30:00+00:00,0.07939,market
2025-10-19T14:15:00+00:00,2025-10-19T14:30:00+00:00,0.08227,forecast
2025-10-19T14:30:00+00:00,2025-10-19T14:45:00+00:00,0.10059,market
2025-10-19T14:30:00+00:00,2025-10-19T14:45:00+00:00,0.08751,forecast
2025-10-19T14:45:00+00:00,2025-10-19T15:00:00+00:00,0.12068,market
2025-10-19T14:45:00+00:00,2025-10-19T15:00:00+00:00,0.09586,forecast
2025-10-19T15:00:00+00:00,2025-10-19T15:15:00+00:00,0.08607,market
2025-10-19T15:00:00+00:00,2025-10-19T15:15:00+00:00,0.09328,forecast
2025-10-19T15:15:00+00:00,2025-10-19T15:30:00+00:00,0.10001,market
2025-10-19T15:15:00+00:00,2025-10-19T15:30:00+00:00,0.09542,forecast
2025-10-19T15:30:00+00:00,2025-10-19T15:45:00+00:00,0.11361,market
2025-10-19T15:30:00+00:00,2025-10-19T15:45:00+00:00,0.09988,forecast
2025-10-19T15:45:00+00:00,2025-10-19T16:00:00+00:00,0.1246,market
2025-10-19T15:45:00+00:00,2025-10-19T16:00:00+00:00,0.11079,forecast
2025-10-19T16:00:00+00:00,2025-10-19T16:15:00+00:00,0.12105,market
2025-10-19T16:00:00+00:00,2025-10-19T16:15:00+00:00,0.1118,forecast
2025-10-19T16:15:00+00:00,2025-10-19T16:30:00+00:00,0.11814,market
2025-10-19T16:15:00+00:00,2025-10-19T16:30:00+00:00,0.11317,forecast
2025-10-19T16:30:00+00:00,2025-10-19T16:45:00+00:00,0.09957,market
2025-10-19T16:30:00+00:00,2025-10-19T16:45:00+00:00,0.11547,forecast
2025-10-19T16:45:00+00:00,2025-10-19T17:00:00+00:00,0.09199,market
2025-10-19T16:45:00+00:00,2025-10-19T17:00:00+00:00,0.11805,forecast
2025-10-19T17:00:00+00:00,2025-10-19T17:15:00+00:00,0.10207,market
2025-10-19T17:00:00+00:00,2025-10-19T17:15:00+00:00,0.12084,forecast
2025-10-19T17:15:00+00:00,2025-10-19T17:30:00+00:00,0.08749,market
2025-10-19T17:15:00+00:00,2025-10-19T17:30:00+00:00,0.12085,forecast
2025-10-19T17:30:00+00:00,2025-10-19T17:45:00+00:00,0.083,market
2025-10-19T17:30:00+00:00,2025-10-19T17:45:00+00:00,0.11917,forecast
2025-10-19T17:45:00+00:00,2025-10-19T18:00:00+00:00,0.06992,market
2025-10-19T17:45:00+00:00,2025-10-19T18:00:00+00:00,0.11655,forecast
2025-10-19T18:00:00+00:00,2025-10-19T18:15:00+00:00,0.08708,market
2025-10-19T18:00:00+00:00,2025-10-19T18:15:00+00:00,0.11831,forecast
2025-10-19T18:15:00+00:00,2025-10-19T18:30:00+00:00,0.07206,market
2025-10-19T18:15:00+00:00,2025-10-19T18:30:00+00:00,0.11657,forecast
2025-10-19T18:30:00+00:00,2025-10-19T18:45:00+00:00,0.07399,market
2025-10-19T18:30:00+00:00,2025-10-19T18:45:00+00:00,0.11303,forecast
2025-10-19T18:45:00+00:00,2025-10-19T19:00:00+00:00,0.06888,market
2025-10-19T18:45:00+00:00,2025-10-19T19:00:00+00:00,0.10836,forecast
2025-10-19T19:00:00+00:00,2025-10-19T19:15:00+00:00,0.08681,market
2025-10-19T19:00:00+00:00,2025-10-19T19:15:00+00:00,0.10575,forecast
2025-10-19T19:15:00+00:00,2025-10-19T19:30:00+00:00,0.07166,market
2025-10-19T19:15:00+00:00,2025-10-19T19:30:00+00:00,0.10343,forecast
2025-10-19T19:30:00+00:00,2025-10-19T19:45:00+00:00,0.06948,market
2025-10-19T19:30:00+00:00,2025-10-19T19:45:00+00:00,0.09996,forecast
2025-10-19T19:45:00+00:00,2025-10-19T20:00:00+00:00,0.06465,market
2025-10-19T19:45:00+00:00,2025-10-19T20:00:00+00:00,0.09607,forecast
2025-10-19T20:00:00+00:00,2025-10-19T20:15:00+00:00,0.095,market
2025-10-19T20:00:00+00:00,2025-10-19T20:15:00+00:00,0.09612,forecast
2025-10-19T20:15:00+00:00,2025-10-19T20:30:00+00:00,0.07796,market
2025-10-19T20:15:00+00:00,2025-10-19T20:30:00+00:00,0.09463,forecast
2025-10-19T20:30:00+00:00,2025-10-19T20:45:00+00:00,0.06875,market
2025-10-19T20:30:00+00:00,2025-10-19T20:45:00+00:00,0.09325,forecast
2025-10-19T20:45:00+00:00,2025-10-19T21:00:00+00:00,0.05726,market
2025-10-19T20:45:00+00:00,2025-10-19T21:00:00+00:00,0.08991,forecast
2025-10-19T21:00:00+00:00,2025-10-19T21:15:00+00:00,0.07143,market
2025-10-19T21:00:00+00:00,2025-10-19T21:15:00+00:00,0.09177,forecast
2025-10-19T21:15:00+00:00,2025-10-19T21:30:00+00:00,0.05878,market
2025-10-19T21:15:00+00:00,2025-10-19T21:30:00+00:00,0.09154,forecast
2025-10-19T21:30:00+00:00,2025-10-19T21:45:00+00:00,0.05953,market
2025-10-19T21:30:00+00:00,2025-10-19T21:45:00+00:00,0.09013,forecast
2025-10-19T21:45:00+00:00,2025-10-19T22:00:00+00:00,0.05368,market
2025-10-19T21:45:00+00:00,2025-10-19T22:00:00+00:00,0.08799,forecast
2025-10-19T22:00:00+00:00,2025-10-19T22:15:00+00:00,0.08295,market
2025-10-19T22:00:00+00:00,2025-10-19T22:15:00+00:00,0.06385,forecast
2025-10-19T22:15:00+00:00,2025-10-19T22:30:00+00:00,0.06903,market
2025-10-19T22:15:00+00:00,2025-10-19T22:30:00+00:00,0.06829,forecast
2025-10-19T22:30:00+00:00,2025-10-19T22:45:00+00:00,0.07004,market
2025-10-19T22:30:00+00:00,2025-10-19T22:45:00+00:00,0.07193,forecast
2025-10-19T22:45:00+00:00,2025-10-19T23:00:00+00:00,0.05813,market
2025-10-19T22:45:00+00:00,2025-10-19T23:00:00+00:00,0.07422,forecast
2025-10-19T23:00:00+00:00,2025-10-19T23:15:00+00:00,0.0703,market
2025-10-19T23:00:00+00:00,2025-10-19T23:15:00+00:00,0.07783,forecast
2025-10-19T23:15:00+00:00,2025-10-19T23:30:00+00:00,0.06648,market
2025-10-19T23:15:00+00:00,2025-10-19T23:30:00+00:00,0.08242,forecast
2025-10-19T23:30:00+00:00,2025-10-19T23:45:00+00:00,0.06052,market
2025-10-19T23:30:00+00:00,2025-10-19T23:45:00+00:00,0.08529,forecast
2025-10-19T23:45:00+00:00,2025-10-20T00:00:00+00:00,0.0586,market
2025-10-19T23:45:00+00:00,2025-10-20T00:00:00+00:00,0.08784,forecast
2025-10-20T00:00:00+00:00,2025-10-20T00:15:00+00:00,0.06631,market
2025-10-20T00:00:00+00:00,2025-10-20T00:15:00+00:00,0.08888,forecast
2025-10-20T00:15:00+00:00,2025-10-20T00:30:00+00:00,0.06007,market
2025-10-20T00:15:00+00:00,2025-10-20T00:30:00+00:00,0.08942,forecast
2025-10-20T00:30:00+00:00,2025-10-20T00:45:00+00:00,0.05989,market
2025-10-20T00:30:00+00:00,2025-10-20T00:45:00+00:00,0.09072,forecast
2025-10-20T00:45:00+00:00,2025-10-20T01:00:00+00:00,0.05765,market
2025-10-20T00:45:00+00:00,2025-10-20T01:00:00+00:00,0.09221,forecast
2025-10-20T01:00:00+00:00,2025-10-20T01:15:00+00:00,0.06187,market
2025-10-20T01:00:00+00:00,2025-10-20T01:15:00+00:00,0.09186,forecast
2025-10-20T01:15:00+00:00,2025-10-20T01:30:00+00:00,0.05937,market
2025-10-20T01:15:00+00:00,2025-10-20T01:30:00+00:00,0.09199,forecast
2025-10-20T01:30:00+00:00,2025-10-20T01:45:00+00:00,0.05865,market
2025-10-20T01:30:00+00:00,2025-10-20T01:45:00+00:00,0.0925,forecast
2025-10-20T01:45:00+00:00,2025-10-20T02:00:00+00:00,0.06012,market
2025-10-20T01:45:00+00:00,2025-10-20T02:00:00+00:00,0.09389,forecast
2025-10-20T02:00:00+00:00,2025-10-20T02:15:00+00:00,0.05586,market
2025-10-20T02:00:00+00:00,2025-10-20T02:15:00+00:00,0.09272,forecast
2025-10-20T02:15:00+00:00,2025-10-20T02:30:00+00:00,0.05861,market
2025-10-20T02:15:00+00:00,2025-10-20T02:30:00+00:00,0.09295,forecast
2025-10-20T02:30:00+00:00,2025-10-20T02:45:00+00:00,0.05902,market
2025-10-20T02:30:00+00:00,2025-10-20T02:45:00+00:00,0.09422,forecast
2025-10-20T02:45:00+00:00,2025-10-20T03:00:00+00:00,0.06892,market
2025-10-20T02:45:00+00:00,2025-10-20T03:00:00+00:00,0.09598,forecast
2025-10-20T03:00:00+00:00,2025-10-20T03:15:00+00:00,0.05719,market
2025-10-20T03:00:00+00:00,2025-10-20T03:15:00+00:00,0.09523,forecast
2025-10-20T03:15:00+00:00,2025-10-20T03:30:00+00:00,0.07529,market
2025-10-20T03:15:00+00:00,2025-10-20T03:30:00+00:00,0.09539,forecast
2025-10-20T03:30:00+00:00,2025-10-20T03:45:00+00:00,0.08053,market
2025-10-20T03:30:00+00:00,2025-10-20T03:45:00+00:00,0.097,forecast
2025-10-20T03:45:00+00:00,2025-10-20T04:00:00+00:00,0.08623,market
2025-10-20T03:45:00+00:00,2025-10-20T04:00:00+00:00,0.09904,forecast
2025-10-20T04:00:00+00:00,2025-10-20T04:15:00+00:00,0.05514,market
2025-10-20T04:00:00+00:00,2025-10-20T04:15:00+00:00,0.09936,forecast
2025-10-20T04:15:00+00:00,2025-10-20T04:30:00+00:00,0.08643,market
2025-10-20T04:15:00+00:00,2025-10-20T04:30:00+00:00,0.09963,forecast
2025-10-20T04:30:00+00:00,2025-10-20T04:45:00+00:00,0.08868,market
2025-10-20T04:30:00+00:00,2025-10-20T04:45:00+00:00,0.10017,forecast
2025-10-20T04:45:00+00:00,2025-10-20T05:00:00+00:00,0.07476,market
2025-10-20T04:45:00+00:00,2025-10-20T05:00:00+00:00,0.10175,forecast
2025-10-20T05:00:00+00:00,2025-10-20T05:15:00+00:00,0.07996,market
2025-10-20T05:00:00+00:00,2025-10-20T05:15:00+00:00,0.1021,forecast
2025-10-20T05:15:00+00:00,2025-10-20T05:30:00+00:00,0.08534,market
2025-10-20T05:15:00+00:00,2025-10-20T05:30:00+00:00,0.10225,forecast
2025-10-20T05:30:00+00:00,2025-10-20T05:45:00+00:00,0.09469,market
2025-10-20T05:30:00+00:00,2025-10-20T05:45:00+00:00,0.10133,forecast
2025-10-20T05:45:00+00:00,2025-10-20T06:00:00+00:00,0.10748,market
2025-10-20T05:45:00+00:00,2025-10-20T06:00:00+00:00,0.10058,forecast
2025-10-20T06:00:00+00:00,2025-10-20T06:15:00+00:00,0.15053,market
2025-10-20T06:00:00+00:00,2025-10-20T06:15:00+00:00,0.10315,forecast
2025-10-20T06:15:00+00:00,2025-10-20T06:30:00+00:00,0.13882,market
2025-10-20T06:15:00+00:00,2025-10-20T06:30:00+00:00,0.10364,forecast
2025-10-20T06:30:00+00:00,2025-10-20T06:45:00+00:00,0.11582,market
2025-10-20T06:30:00+00:00,2025-10-20T06:45:00+00:00,0.10075,forecast
2025-10-20T06:45:00+00:00,2025-10-20T07:00:00+00:00,0.09522,market
2025-10-20T06:45:00+00:00,2025-10-20T07:00:00+00:00,0.09613,forecast
2025-10-20T07:00:00+00:00,2025-10-20T07:15:00+00:00,0.11797,market
2025-10-20T07:00:00+00:00,2025-10-20T07:15:00+00:00,0.09905,forecast
2025-10-20T07:15:00+00:00,2025-10-20T07:30:00+00:00,0.10176,market
2025-10-20T07:15:00+00:00,2025-10-20T07:30:00+00:00,0.09781,forecast
2025-10-20T07:30:00+00:00,2025-10-20T07:45:00+00:00,0.07804,market
2025-10-20T07:30:00+00:00,2025-10-20T07:45:00+00:00,0.09476,forecast
2025-10-20T07:45:00+00:00,2025-10-20T08:00:00+00:00,0.07097,market
2025-10-20T07:45:00+00:00,2025-10-20T08:00:00+00:00,0.08889,forecast
2025-10-20T08:00:00+00:00,2025-10-20T08:15:00+00:00,0.0864,market
2025-10-20T08:00:00+00:00,2025-10-20T08:15:00+00:00,0.09062,forecast
2025-10-20T08:15:00+00:00,2025-10-20T08:30:00+00:00,0.07735,market
2025-10-20T08:15:00+00:00,2025-10-20T08:30:00+00:00,0.08873,forecast
2025-10-20T08:30:00+00:00,2025-10-20T08:45:00+00:00,0.06647,market
2025-10-20T08:30:00+00:00,2025-10-20T08:45:00+00:00,0.08597,forecast
2025-10-20T08:45:00+00:00,2025-10-20T09:00:00+00:00,0.06238,market
2025-10-20T08:45:00+00:00,2025-10-20T09:00:00+00:00,0.08136,forecast
2025-10-20T09:00:00+00:00,2025-10-20T09:15:00+00:00,0.07719,market
2025-10-20T09:00:00+00:00,2025-10-20T09:15:00+00:00,0.08217,forecast
2025-10-20T09:15:00+00:00,2025-10-20T09:30:00+00:00,0.07031,market
2025-10-20T09:15:00+00:00,2025-10-20T09:30:00+00:00,0.08067,forecast
2025-10-20T09:30:00+00:00,2025-10-20T09:45:00+00:00,0.06992,market
2025-10-20T09:30:00+00:00,2025-10-20T09:45:00+00:00,0.07808,forecast
2025-10-20T09:45:00+00:00,2025-10-20T10:00:00+00:00,0.06232,market
2025-10-20T09:45:00+00:00,2025-10-20T10:00:00+00:00,0.07264,forecast
2025-10-20T10:00:00+00:00,2025-10-20T10:15:00+00:00,0.06263,market
2025-10-20T10:00:00+00:00,2025-10-20T10:15:00+00:00,0.07176,forecast
2025-10-20T10:15:00+00:00,2025-10-20T10:30:00+00:00,0.06009,market
2025-10-20T10:15:00+00:00,2025-10-20T10:30:00+00:00,0.06921,forecast
2025-10-20T10:30:00+00:00,2025-10-20T10:45:00+00:00,0.05795,market
2025-10-20T10:30:00+00:00,2025-10-20T10:45:00+00:00,0.06593,forecast
2025-10-20T10:45:00+00:00,2025-10-20T11:00:00+00:00,0.06048,market
2025-10-20T10:45:00+00:00,2025-10-20T11:00:00+00:00,0.06148,forecast
2025-10-20T11:00:00+00:00,2025-10-20T11:15:00+00:00,0.06018,market
2025-10-20T11:00:00+00:00,2025-10-20T11:15:00+00:00,0.0596,forecast
2025-10-20T11:15:00+00:00,2025-10-20T11:30:00+00:00,0.06191,market
2025-10-20T11:15:00+00:00,2025-10-20T11:30:00+00:00,0.05819,forecast
2025-10-20T11:30:00+00:00,2025-10-20T11:45:00+00:00,0.06866,market
2025-10-20T11:30:00+00:00,2025-10-20T11:45:00+00:00,0.05691,forecast
2025-10-20T11:45:00+00:00,2025-10-20T12:00:00+00:00,0.07034,market
2025-10-20T11:45:00+00:00,2025-10-20T12:00:00+00:00,0.05573,forecast
2025-10-20T12:00:00+00:00,2025-10-20T12:15:00+00:00,0.06571,market
2025-10-20T12:00:00+00:00,2025-10-20T12:15:00+00:00,0.05358,forecast
2025-10-20T12:15:00+00:00,2025-10-20T12:30:00+00:00,0.07204,market
2025-10-20T12:15:00+00:00,2025-10-20T12:30:00+00:00,0.05452,forecast
2025-10-20T12:30:00+00:00,2025-10-20T12:45:00+00:00,0.07568,market
2025-10-20T12:30:00+00:00,2025-10-20T12:45:00+00:00,0.05914,forecast
2025-10-20T12:45:00+00:00,2025-10-20T13:00:00+00:00,0.09091,market
2025-10-20T12:45:00+00:00,2025-10-20T13:00:00+00:00,0.06632,forecast
2025-10-20T13:00:00+00:00,2025-10-20T13:15:00+00:00,0.07477,market
2025-10-20T13:00:00+00:00,2025-10-20T13:15:00+00:00,0.06589,forecast
2025-10-20T13:15:00+00:00,2025-10-20T13:30:00+00:00,0.08539,market
2025-10-20T13:15:00+00:00,2025-10-20T13:30:00+00:00,0.07092,forecast
2025-10-20T13:30:00+00:00,2025-10-20T13:45:00+00:00,0.10698,market
2025-10-20T13:30:00+00:00,2025-10-20T13:45:00+00:00,0.07642,forecast
2025-10-20T13:45:00+00:00,2025-10-20T14:00:00+00:00,0.12142,market
2025-10-20T13:45:00+00:00,2025-10-20T14:00:00+00:00,0.08403,forecast
2025-10-20T14:00:00+00:00,2025-10-20T14:15:00+00:00,0.08663,market
2025-10-20T14:00:00+00:00,2025-10-20T14:15:00+00:00,0.08397,forecast
2025-10-20T14:15:00+00:00,2025-10-20T14:30:00+00:00,0.10501,market
2025-10-20T14:15:00+00:00,2025-10-20T14:30:00+00:00,0.0885,forecast
2025-10-20T14:30:00+00:00,2025-10-20T14:45:00+00:00,0.13011,market
2025-10-20T14:30:00+00:00,2025-10-20T14:45:00+00:00,0.09581,forecast
2025-10-20T14:45:00+00:00,2025-10-20T15:00:00+00:00,0.15629,market
2025-10-20T14:45:00+00:00,2025-10-20T15:00:00+00:00,0.10473,forecast
2025-10-20T15:00:00+00:00,2025-10-20T15:15:00+00:00,0.10895,market
2025-10-20T15:00:00+00:00,2025-10-20T15:15:00+00:00,0.10424,forecast
2025-10-20T15:15:00+00:00,2025-10-20T15:30:00+00:00,0.13019,market
2025-10-20T15:15:00+00:00,2025-10-20T15:30:00+00:00,0.1064,forecast
2025-10-20T15:30:00+00:00,2025-10-20T15:45:00+00:00,0.13829,market
2025-10-20T15:30:00+00:00,2025-10-20T15:45:00+00:00,0.1111,forecast
2025-10-20T15:45:00+00:00,2025-10-20T16:00:00+00:00,0.14706,market
2025-10-20T15:45:00+00:00,2025-10-20T16:00:00+00:00,0.11722,forecast
2025-10-20T16:00:00+00:00,2025-10-20T16:15:00+00:00,0.13004,market
2025-10-20T16:00:00+00:00,2025-10-20T16:15:00+00:00,0.12015,forecast
2025-10-20T16:15:00+00:00,2025-10-20T16:30:00+00:00,0.13048,market
2025-10-20T16:15:00+00:00,2025-10-20T16:30:00+00:00,0.12108,forecast
2025-10-20T16:30:00+00:00,2025-10-20T16:45:00+00:00,0.12839,market
2025-10-20T16:30:00+00:00,2025-10-20T16:45:00+00:00,0.11844,forecast
2025-10-20T16:45:00+00:00,2025-10-20T17:00:00+00:00,0.11145,market
2025-10-20T16:45:00+00:00,2025-10-20T17:00:00+00:00,0.11554,forecast
2025-10-20T17:00:00+00:00,2025-10-20T17:15:00+00:00,0.127,market
2025-10-20T17:00:00+00:00,2025-10-20T17:15:00+00:00,0.11627,forecast
2025-10-20T17:15:00+00:00,2025-10-20T17:30:00+00:00,0.10596,market
2025-10-20T17:15:00+00:00,2025-10-20T17:30:00+00:00,0.11433,forecast
2025-10-20T17:30:00+00:00,2025-10-20T17:45:00+00:00,0.09484,market
2025-10-20T17:30:00+00:00,2025-10-20T17:45:00+00:00,0.11081,forecast
2025-10-20T17:45:00+00:00,2025-10-20T18:00:00+00:00,0.0842,market
2025-10-20T17:45:00+00:00,2025-10-20T18:00:00+00:00,0.10466,forecast
2025-10-20T18:00:00+00:00,2025-10-20T18:15:00+00:00,0.10509,market
2025-10-20T18:00:00+00:00,2025-10-20T18:15:00+00:00,0.10339,forecast
2025-10-20T18:15:00+00:00,2025-10-20T18:30:00+00:00,0.08051,market
2025-10-20T18:15:00+00:00,2025-10-20T18:30:00+00:00,0.09971,forecast
2025-10-20T18:30:00+00:00,2025-10-20T18:45:00+00:00,0.07223,market
2025-10-20T18:30:00+00:00,2025-10-20T18:45:00+00:00,0.09715,forecast
2025-10-20T18:45:00+00:00,2025-10-20T19:00:00+00:00,0.07133,market
2025-10-20T18:45:00+00:00,2025-10-20T19:00:00+00:00,0.09358,forecast
2025-10-20T19:00:00+00:00,2025-10-20T19:15:00+00:00,0.08628,market
2025-10-20T19:00:00+00:00,2025-10-20T19:15:00+00:00,0.09406,forecast
2025-10-20T19:15:00+00:00,2025-10-20T19:30:00+00:00,0.09507,market
2025-10-20T19:15:00+00:00,2025-10-20T19:30:00+00:00,0.09133,forecast
2025-10-20T19:30:00+00:00,2025-10-20T19:45:00+00:00,0.06932,market
2025-10-20T19:30:00+00:00,2025-10-20T19:45:00+00:00,0.08889,forecast
2025-10-20T19:45:00+00:00,2025-10-20T20:00:00+00:00,0.05434,market
2025-10-20T19:45:00+00:00,2025-10-20T20:00:00+00:00,0.08644,forecast
2025-10-20T20:00:00+00:00,2025-10-20T20:15:00+00:00,0.08637,market
2025-10-20T20:00:00+00:00,2025-10-20T20:15:00+00:00,0.09045,forecast
2025-10-20T20:15:00+00:00,2025-10-20T20:30:00+00:00,0.07268,market
2025-10-20T20:15:00+00:00,2025-10-20T20:30:00+00:00,0.09019,forecast
2025-10-20T20:30:00+00:00,2025-10-20T20:45:00+00:00,0.06262,market
2025-10-20T20:30:00+00:00,2025-10-20T20:45:00+00:00,0.08783,forecast
2025-10-20T20:45:00+00:00,2025-10-20T21:00:00+00:00,0.05184,market
2025-10-20T20:45:00+00:00,2025-10-20T21:00:00+00:00,0.08394,forecast
2025-10-20T21:00:00+00:00,2025-10-20T21:15:00+00:00,0.05335,market
2025-10-20T21:00:00+00:00,2025-10-20T21:15:00+00:00,0.08485,forecast
2025-10-20T21:15:00+00:00,2025-10-20T21:30:00+00:00,0.05681,market
2025-10-20T21:15:00+00:00,2025-10-20T21:30:00+00:00,0.08381,forecast
2025-10-20T21:30:00+00:00,2025-10-20T21:45:00+00:00,0.0542,market
2025-10-20T21:30:00+00:00,2025-10-20T21:45:00+00:00,0.08279,forecast
2025-10-20T21:45:00+00:00,2025-10-20T22:00:00+00:00,0.03964,market
2025-10-20T21:45:00+00:00,2025-10-20T22:00:00+00:00,0.08026,forecast
2025-10-20T22:00:00+00:00,2025-10-20T22:15:00+00:00,0.0436,forecast
2025-10-20T22:15:00+00:00,2025-10-20T22:30:00+00:00,0.04712,forecast
2025-10-20T22:30:00+00:00,2025-10-20T22:45:00+00:00,0.05007,forecast
2025-10-20T22:45:00+00:00,2025-10-20T23:00:00+00:00,0.04869,forecast
2025-10-20T23:00:00+00:00,2025-10-20T23:15:00+00:00,0.0506,forecast
2025-10-20T23:15:00+00:00,2025-10-20T23:30:00+00:00,0.05164,forecast
2025-10-20T23:30:00+00:00,2025-10-20T23:45:00+00:00,0.05248,forecast
2025-10-20T23:45:00+00:00,2025-10-21T00:00:00+00:00,0.05477,forecast
2025-10-21T00:00:00+00:00,2025-10-21T00:15:00+00:00,0.05552,forecast
2025-10-21T00:15:00+00:00,2025-10-21T00:30:00+00:00,0.05562,forecast
2025-10-21T00:30:00+00:00,2025-10-21T00:45:00+00:00,0.05619,forecast
2025-10-21T00:45:00+00:00,2025-10-21T01:00:00+00:00,0.05779,forecast
2025-10-21T01:00:00+00:00,2025-10-21T01:15:00+00:00,0.05805,forecast
2025-10-21T01:15:00+00:00,2025-10-21T01:30:00+00:00,0.0582,forecast
2025-10-21T01:30:00+00:00,2025-10-21T01:45:00+00:00,0.06007,forecast
2025-10-21T01:45:00+00:00,2025-10-21T02:00:00+00:00,0.06243,forecast
2025-10-21T02:00:00+00:00,2025-10-21T02:15:00+00:00,0.06107,forecast
2025-10-21T02:15:00+00:00,2025-10-21T02:30:00+00:00,0.06167,forecast
2025-10-21T02:30:00+00:00,2025-10-21T02:45:00+00:00,0.06382,forecast
2025-10-21T02:45:00+00:00,2025-10-21T03:00:00+00:00,0.06828,forecast
2025-10-21T03:00:00+00:00,2025-10-21T03:15:00+00:00,0.06705,forecast
2025-10-21T03:15:00+00:00,2025-10-21T03:30:00+00:00,0.06991,forecast
2025-10-21T03:30:00+00:00,2025-10-21T03:45:00+00:00,0.0732,forecast
2025-10-21T03:45:00+00:00,2025-10-21T04:00:00+00:00,0.0777,forecast
2025-10-21T04:00:00+00:00,2025-10-21T04:15:00+00:00,0.07476,forecast
2025-10-21T04:15:00+00:00,2025-10-21T04:30:00+00:00,0.07849,forecast
2025-10-21T04:30:00+00:00,2025-10-21T04:45:00+00:00,0.08183,forecast
2025-10-21T04:45:00+00:00,2025-10-21T05:00:00+00:00,0.08138,forecast
2025-10-21T05:00:00+00:00,2025-10-21T05:15:00+00:00,0.08174,forecast
2025-10-21T05:15:00+00:00,2025-10-21T05:30:00+00:00,0.08266,forecast
2025-10-21T05:30:00+00:00,2025-10-21T05:45:00+00:00,0.08455,forecast
2025-10-21T05:45:00+00:00,2025-10-21T06:00:00+00:00,0.08659,forecast
2025-10-21T06:00:00+00:00,2025-10-21T06:15:00+00:00,0.09638,forecast
2025-10-21T06:15:00+00:00,2025-10-21T06:30:00+00:00,0.09943,forecast
2025-10-21T06:30:00+00:00,2025-10-21T06:45:00+00:00,0.09676,forecast
2025-10-21T06:45:00+00:00,2025-10-21T07:00:00+00:00,0.09168,forecast
2025-10-21T07:00:00+00:00,2025-10-21T07:15:00+00:00,0.09562,forecast
2025-10-21T07:15:00+00:00,2025-10-21T07:30:00+00:00,0.09632,forecast
2025-10-21T07:30:00+00:00,2025-10-21T07:45:00+00:00,0.09032,forecast
2025-10-21T07:45:00+00:00,2025-10-21T08:00:00+00:00,0.08263,forecast
2025-10-21T08:00:00+00:00,2025-10-21T08:15:00+00:00,0.08163,forecast
2025-10-21T08:15:00+00:00,2025-10-21T08:30:00+00:00,0.0785,forecast
2025-10-21T08:30:00+00:00,2025-10-21T08:45:00+00:00,0.07265,forecast
2025-10-21T08:45:00+00:00,2025-10-21T09:00:00+00:00,0.06615,forecast
2025-10-21T09:00:00+00:00,2025-10-21T09:15:00+00:00,0.0653,forecast
2025-10-21T09:15:00+00:00,2025-10-21T09:30:00+00:00,0.06243,forecast
2025-10-21T09:30:00+00:00,2025-10-21T09:45:00+00:00,0.05972,forecast
2025-10-21T09:45:00+00:00,2025-10-21T10:00:00+00:00,0.05572,forecast
2025-10-21T10:00:00+00:00,2025-10-21T10:15:00+00:00,0.05407,forecast
2025-10-21T10:15:00+00:00,2025-10-21T10:30:00+00:00,0.0526,forecast
2025-10-21T10:30:00+00:00,2025-10-21T10:45:00+00:00,0.05171,forecast
2025-10-21T10:45:00+00:00,2025-10-21T11:00:00+00:00,0.05211,forecast
2025-10-21T11:00:00+00:00,2025-10-21T11:15:00+00:00,0.05174,forecast
2025-10-21T11:15:00+00:00,2025-10-21T11:30:00+00:00,0.05248,forecast
2025-10-21T11:30:00+00:00,2025-10-21T11:45:00+00:00,0.05457,forecast
2025-10-21T11:45:00+00:00,2025-10-21T12:00:00+00:00,0.05722,forecast
2025-10-21T12:00:00+00:00,2025-10-21T12:15:00+00:00,0.05756,forecast
2025-10-21T12:15:00+00:00,2025-10-21T12:30:00+00:00,0.05977,forecast
2025-10-21T12:30:00+00:00,2025-10-21T12:45:00+00:00,0.06276,forecast
2025-10-21T12:45:00+00:00,2025-10-21T13:00:00+00:00,0.06786,forecast
2025-10-21T13:00:00+00:00,2025-10-21T13:15:00+00:00,0.06807,forecast
2025-10-21T13:15:00+00:00,2025-10-21T13:30:00+00:00,0.06989,forecast
2025-10-21T13:30:00+00:00,2025-10-21T13:45:00+00:00,0.07594,forecast
2025-10-21T13:45:00+00:00,2025-10-21T14:00:00+00:00,0.08368,forecast
2025-10-21T14:00:00+00:00,2025-10-21T14:15:00+00:00,0.08182,forecast
2025-10-21T14:15:00+00:00,2025-10-21T14:30:00+00:00,0.08388,forecast
2025-10-21T14:30:00+00:00,2025-10-21T14:45:00+00:00,0.09098,forecast
2025-10-21T14:45:00+00:00,2025-10-21T15:00:00+00:00,0.10153,forecast
2025-10-21T15:00:00+00:00,2025-10-21T15:15:00+00:00,0.09973,forecast
2025-10-21T15:15:00+00:00,2025-10-21T15:30:00+00:00,0.10193,forecast
2025-10-21T15:30:00+00:00,2025-10-21T15:45:00+00:00,0.10576,forecast
2025-10-21T15:45:00+00:00,2025-10-21T16:00:00+00:00,0.11161,forecast
2025-10-21T16:00:00+00:00,2025-10-21T16:15:00+00:00,0.11223,forecast
2025-10-21T16:15:00+00:00,2025-10-21T16:30:00+00:00,0.11272,forecast
2025-10-21T16:30:00+00:00,2025-10-21T16:45:00+00:00,0.11246,forecast
2025-10-21T16:45:00+00:00,2025-10-21T17:00:00+00:00,0.10916,forecast
2025-10-21T17:00:00+00:00,2025-10-21T17:15:00+00:00,0.11011,forecast
2025-10-21T17:15:00+00:00,2025-10-21T17:30:00+00:00,0.1071,forecast
2025-10-21T17:30:00+00:00,2025-10-21T17:45:00+00:00,0.10259,forecast
2025-10-21T17:45:00+00:00,2025-10-21T18:00:00+00:00,0.0962,forecast
2025-10-21T18:00:00+00:00,2025-10-21T18:15:00+00:00,0.09612,forecast
2025-10-21T18:15:00+00:00,2025-10-21T18:30:00+00:00,0.09145,forecast
2025-10-21T18:30:00+00:00,2025-10-21T18:45:00+00:00,0.08585,forecast
2025-10-21T18:45:00+00:00,2025-10-21T19:00:00+00:00,0.08103,forecast
2025-10-21T19:00:00+00:00,2025-10-21T19:15:00+00:00,0.08059,forecast
2025-10-21T19:15:00+00:00,2025-10-21T19:30:00+00:00,0.08132,forecast
2025-10-21T19:30:00+00:00,2025-10-21T19:45:00+00:00,0.07656,forecast
2025-10-21T19:45:00+00:00,2025-10-21T20:00:00+00:00,0.07039,forecast
2025-10-21T20:00:00+00:00,2025-10-21T20:15:00+00:00,0.07194,forecast
2025-10-21T20:15:00+00:00,2025-10-21T20:30:00+00:00,0.07178,forecast
2025-10-21T20:30:00+00:00,2025-10-21T20:45:00+00:00,0.0693,forecast
2025-10-21T20:45:00+00:00,2025-10-21T21:00:00+00:00,0.06455,forecast
2025-10-21T21:00:00+00:00,2025-10-21T21:15:00+00:00,0.06242,forecast
2025-10-21T21:15:00+00:00,2025-10-21T21:30:00+00:00,0.06133,forecast
2025-10-21T21:30:00+00:00,2025-10-21T21:45:00+00:00,0.06017,forecast
2025-10-21T21:45:00+00:00,2025-10-21T22:00:00+00:00,0.05651,forecast
2025-10-21T22:00:00+00:00,2025-10-21T22:15:00+00:00,0.05052,forecast
2025-10-21T22:15:00+00:00,2025-10-21T22:30:00+00:00,0.04696,forecast
2025-10-21T22:30:00+00:00,2025-10-21T22:45:00+00:00,0.04536,forecast
2025-10-21T22:45:00+00:00,2025-10-21T23:00:00+00:00,0.04416,forecast
2025-10-21T23:00:00+00:00,2025-10-21T23:15:00+00:00,0.04268,forecast
2025-10-21T23:15:00+00:00,2025-10-21T23:30:00+00:00,0.04129,forecast
2025-10-21T23:30:00+00:00,2025-10-21T23:45:00+00:00,0.04045,forecast
2025-10-21T23:45:00+00:00,2025-10-22T00:00:00+00:00,0.04079,forecast
2025-10-22T00:00:00+00:00,2025-10-22T00:15:00+00:00,0.04168,forecast
2025-10-22T00:15:00+00:00,2025-10-22T00:30:00+00:00,0.04263,forecast
2025-10-22T00:30:00+00:00,2025-10-22T00:45:00+00:00,0.04366,forecast
2025-10-22T00:45:00+00:00,2025-10-22T01:00:00+00:00,0.04519,forecast
2025-10-22T01:00:00+00:00,2025-10-22T01:15:00+00:00,0.04656,forecast
2025-10-22T01:15:00+00:00,2025-10-22T01:30:00+00:00,0.04786,forecast
2025-10-22T01:30:00+00:00,2025-10-22T01:45:00+00:00,0.0498,forecast
2025-10-22T01:45:00+00:00,2025-10-22T02:00:00+00:00,0.05229,forecast
2025-10-22T02:00:00+00:00,2025-10-22T02:15:00+00:00,0.05377,forecast
2025-10-22T02:15:00+00:00,2025-10-22T02:30:00+00:00,0.05501,forecast
2025-10-22T02:30:00+00:00,2025-10-22T02:45:00+00:00,0.05683,forecast
2025-10-22T02:45:00+00:00,2025-10-22T03:00:00+00:00,0.05965,forecast
2025-10-22T03:00:00+00:00,2025-10-22T03:15:00+00:00,0.06144,forecast
2025-10-22T03:15:00+00:00,2025-10-22T03:30:00+00:00,0.06322,forecast
2025-10-22T03:30:00+00:00,2025-10-22T03:45:00+00:00,0.06519,forecast
2025-10-22T03:45:00+00:00,2025-10-22T04:00:00+00:00,0.06779,forecast
2025-10-22T04:00:00+00:00,2025-10-22T04:15:00+00:00,0.06939,forecast
2025-10-22T04:15:00+00:00,2025-10-22T04:30:00+00:00,0.07133,forecast
2025-10-22T04:30:00+00:00,2025-10-22T04:45:00+00:00,0.07334,forecast
2025-10-22T04:45:00+00:00,2025-10-22T05:00:00+00:00,0.0746,forecast
2025-10-22T05:00:00+00:00,2025-10-22T05:15:00+00:00,0.07565,forecast
2025-10-22T05:15:00+00:00,2025-10-22T05:30:00+00:00,0.07654,forecast
2025-10-22T05:30:00+00:00,2025-10-22T05:45:00+00:00,0.07741,forecast
2025-10-22T05:45:00+00:00,2025-10-22T06:00:00+00:00,0.07791,forecast
2025-10-22T06:00:00+00:00,2025-10-22T06:15:00+00:00,0.07986,forecast
2025-10-22T06:15:00+00:00,2025-10-22T06:30:00+00:00,0.0813,forecast
2025-10-22T06:30:00+00:00,2025-10-22T06:45:00+00:00,0.08133,forecast
2025-10-22T06:45:00+00:00,2025-10-22T07:00:00+00:00,0.08007,forecast
2025-10-22T07:00:00+00:00,2025-10-22T07:15:00+00:00,0.08026,forecast
2025-10-22T07:15:00+00:00,2025-10-22T07:30:00+00:00,0.08074,forecast
2025-10-22T07:30:00+00:00,2025-10-22T07:45:00+00:00,0.07958,forecast
2025-10-22T07:45:00+00:00,2025-10-22T08:00:00+00:00,0.07668,forecast
2025-10-22T08:00:00+00:00,2025-10-22T08:15:00+00:00,0.07452,forecast
2025-10-22T08:15:00+00:00,2025-10-22T08:30:00+00:00,0.0725,forecast
2025-10-22T08:30:00+00:00,2025-10-22T08:45:00+00:00,0.0697,forecast
2025-10-22T08:45:00+00:00,2025-10-22T09:00:00+00:00,0.06589,forecast
2025-10-22T09:00:00+00:00,2025-10-22T09:15:00+00:00,0.06285,forecast
2025-10-22T09:15:00+00:00,2025-10-22T09:30:00+00:00,0.05985,forecast
2025-10-22T09:30:00+00:00,2025-10-22T09:45:00+00:00,0.05688,forecast
2025-10-22T09:45:00+00:00,2025-10-22T10:00:00+00:00,0.05362,forecast
2025-10-22T10:00:00+00:00,2025-10-22T10:15:00+00:00,0.05082,forecast
2025-10-22T10:15:00+00:00,2025-10-22T10:30:00+00:00,0.04835,forecast
2025-10-22T10:30:00+00:00,2025-10-22T10:45:00+00:00,0.04637,forecast
2025-10-22T10:45:00+00:00,2025-10-22T11:00:00+00:00,0.0451,forecast
2025-10-22T11:00:00+00:00,2025-10-22T11:15:00+00:00,0.04409,forecast
2025-10-22T11:15:00+00:00,2025-10-22T11:30:00+00:00,0.04352,forecast
2025-10-22T11:30:00+00:00,2025-10-22T11:45:00+00:00,0.04361,forecast
2025-10-22T11:45:00+00:00,2025-10-22T12:00:00+00:00,0.04453,forecast
2025-10-22T12:00:00+00:00,2025-10-22T12:15:00+00:00,0.04544,forecast
2025-10-22T12:15:00+00:00,2025-10-22T12:30:00+00:00,0.04675,forecast
2025-10-22T12:30:00+00:00,2025-10-22T12:45:00+00:00,0.04858,forecast
2025-10-22T12:45:00+00:00,2025-10-22T13:00:00+00:00,0.05119,forecast
2025-10-22T13:00:00+00:00,2025-10-22T13:15:00+00:00,0.05333,forecast
2025-10-22T13:15:00+00:00,2025-10-22T13:30:00+00:00,0.05533,forecast
2025-10-22T13:30:00+00:00,2025-10-22T13:45:00+00:00,0.05817,forecast
2025-10-22T13:45:00+00:00,2025-10-22T14:00:00+00:00,0.062,forecast
2025-10-22T14:00:00+00:00,2025-10-22T14:15:00+00:00,0.06455,forecast
2025-10-22T14:15:00+00:00,2025-10-22T14:30:00+00:00,0.06674,forecast
2025-10-22T14:30:00+00:00,2025-10-22T14:45:00+00:00,0.0698,forecast
2025-10-22T14:45:00+00:00,2025-10-22T15:00:00+00:00,0.07428,forecast
2025-10-22T15:00:00+00:00,2025-10-22T15:15:00+00:00,0.07728,forecast
2025-10-22T15:15:00+00:00,2025-10-22T15:30:00+00:00,0.07978,forecast
2025-10-22T15:30:00+00:00,2025-10-22T15:45:00+00:00,0.08236,forecast
2025-10-22T15:45:00+00:00,2025-10-22T16:00:00+00:00,0.08564,forecast
2025-10-22T16:00:00+00:00,2025-10-22T16:15:00+00:00,0.08846,forecast
2025-10-22T16:15:00+00:00,2025-10-22T16:30:00+00:00,0.09072,forecast
2025-10-22T16:30:00+00:00,2025-10-22T16:45:00+00:00,0.09232,forecast
2025-10-22T16:45:00+00:00,2025-10-22T17:00:00+00:00,0.09289,forecast
2025-10-22T17:00:00+00:00,2025-10-22T17:15:00+00:00,0.09374,forecast
2025-10-22T17:15:00+00:00,2025-10-22T17:30:00+00:00,0.094,forecast
2025-10-22T17:30:00+00:00,2025-10-22T17:45:00+00:00,0.09341,forecast
2025-10-22T17:45:00+00:00,2025-10-22T18:00:00+00:00,0.09157,forecast
2025-10-22T18:00:00+00:00,2025-10-22T18:15:00+00:00,0.0902,forecast
2025-10-22T18:15:00+00:00,2025-10-22T18:30:00+00:00,0.08829,forecast
2025-10-22T18:30:00+00:00,2025-10-22T18:45:00+00:00,0.08571,forecast
2025-10-22T18:45:00+00:00,2025-10-22T19:00:00+00:00,0.08265,forecast
2025-10-22T19:00:00+00:00,2025-10-22T19:15:00+00:00,0.08022,forecast
2025-10-22T19:15:00+00:00,2025-10-22T19:30:00+00:00,0.07833,forecast
2025-10-22T19:30:00+00:00,2025-10-22T19:45:00+00:00,0.07573,forecast
2025-10-22T19:45:00+00:00,2025-10-22T20:00:00+00:00,0.07243,forecast
2025-10-22T20:00:00+00:00,2025-10-22T20:15:00+00:00,0.0702,forecast
2025-10-22T20:15:00+00:00,2025-10-22T20:30:00+00:00,0.0686,forecast
2025-10-22T20:30:00+00:00,2025-10-22T20:45:00+00:00,0.06684,forecast
2025-10-22T20:45:00+00:00,2025-10-22T21:00:00+00:00,0.06437,forecast
2025-10-22T21:00:00+00:00,2025-10-22T21:15:00+00:00,0.06221,forecast
2025-10-22T21:15:00+00:00,2025-10-22T21:30:00+00:00,0.06044,forecast
2025-10-22T21:30:00+00:00,2025-10-22T21:45:00+00:00,0.05898,forecast
2025-10-22T21:45:00+00:00,2025-10-22T22:00:00+00:00,0.05718,forecast
2025-10-22T22:00:00+00:00,2025-10-22T22:15:00+00:00,0.05121,forecast
2025-10-22T22:15:00+00:00,2025-10-22T22:30:00+00:00,0.04645,forecast
2025-10-22T22:30:00+00:00,2025-10-22T22:45:00+00:00,0.04309,forecast
2025-10-22T22:45:00+00:00,2025-10-22T23:00:00+00:00,0.04076,forecast
2025-10-22T23:00:00+00:00,2025-10-22T23:15:00+00:00,0.03796,forecast
2025-10-22T23:15:00+00:00,2025-10-22T23:30:00+00:00,0.03503,forecast
2025-10-22T23:30:00+00:00,2025-10-22T23:45:00+00:00,0.03247,forecast
2025-10-22T23:45:00+00:00,2025-10-23T00:00:00+00:00,0.03073,forecast
2025-10-23T00:00:00+00:00,2025-10-23T00:15:00+00:00,0.03028,forecast
2025-10-23T00:15:00+00:00,2025-10-23T00:30:00+00:00,0.03036,forecast
2025-10-23T00:30:00+00:00,2025-10-23T00:45:00+00:00,0.03065,forecast
2025-10-23T00:45:00+00:00,2025-10-23T01:00:00+00:00,0.03122,forecast
2025-10-23T01:00:00+00:00,2025-10-23T01:15:00+00:00,0.03229,forecast
2025-10-23T01:15:00+00:00,2025-10-23T01:30:00+00:00,0.03375,forecast
2025-10-23T01:30:00+00:00,2025-10-23T01:45:00+00:00,0.03563,forecast
2025-10-23T01:45:00+00:00,2025-10-23T02:00:00+00:00,0.03791,forecast
2025-10-23T02:00:00+00:00,2025-10-23T02:15:00+00:00,0.04012,forecast
2025-10-23T02:15:00+00:00,2025-10-23T02:30:00+00:00,0.04212,forecast
2025-10-23T02:30:00+00:00,2025-10-23T02:45:00+00:00,0.04423,forecast
2025-10-23T02:45:00+00:00,2025-10-23T03:00:00+00:00,0.04672,forecast
2025-10-23T03:00:00+00:00,2025-10-23T03:15:00+00:00,0.0492,forecast
2025-10-23T03:15:00+00:00,2025-10-23T03:30:00+00:00,0.05145,forecast
2025-10-23T03:30:00+00:00,2025-10-23T03:45:00+00:00,0.05351,forecast
2025-10-23T03:45:00+00:00,2025-10-23T04:00:00+00:00,0.05565,forecast
2025-10-23T04:00:00+00:00,2025-10-23T04:15:00+00:00,0.05783,forecast
2025-10-23T04:15:00+00:00,2025-10-23T04:30:00+00:00,0.05995,forecast
2025-10-23T04:30:00+00:00,2025-10-23T04:45:00+00:00,0.06193,forecast
2025-10-23T04:45:00+00:00,2025-10-23T05:00:00+00:00,0.06357,forecast
2025-10-23T05:00:00+00:00,2025-10-23T05:15:00+00:00,0.06505,forecast
2025-10-23T05:15:00+00:00,2025-10-23T05:30:00+00:00,0.06635,forecast
2025-10-23T05:30:00+00:00,2025-10-23T05:45:00+00:00,0.06747,forecast
2025-10-23T05:45:00+00:00,2025-10-23T06:00:00+00:00,0.06827,forecast
2025-10-23T06:00:00+00:00,2025-10-23T06:15:00+00:00,0.0691,forecast
2025-10-23T06:15:00+00:00,2025-10-23T06:30:00+00:00,0.06973,forecast
2025-10-23T06:30:00+00:00,2025-10-23T06:45:00+00:00,0.06994,forecast
2025-10-23T06:45:00+00:00,2025-10-23T07:00:00+00:00,0.0696,forecast
2025-10-23T07:00:00+00:00,2025-10-23T07:15:00+00:00,0.0693,forecast
2025-10-23T07:15:00+00:00,2025-10-23T07:30:00+00:00,0.06902,forecast
2025-10-23T07:30:00+00:00,2025-10-23T07:45:00+00:00,0.06834,forecast
2025-10-23T07:45:00+00:00,2025-10-23T08:00:00+00:00,0.06697,forecast
2025-10-23T08:00:00+00:00,2025-10-23T08:15:00+00:00,0.06543,forecast
2025-10-23T08:15:00+00:00,2025-10-23T08:30:00+00:00,0.06383,forecast
2025-10-23T08:30:00+00:00,2025-10-23T08:45:00+00:00,0.06202,forecast
2025-10-23T08:45:00+00:00,2025-10-23T09:00:00+00:00,0.05974,forecast
2025-10-23T09:00:00+00:00,2025-10-23T09:15:00+00:00,0.05738,forecast
2025-10-23T09:15:00+00:00,2025-10-23T09:30:00+00:00,0.05492,forecast
2025-10-23T09:30:00+00:00,2025-10-23T09:45:00+00:00,0.05243,forecast
2025-10-23T09:45:00+00:00,2025-10-23T10:00:00+00:00,0.04985,forecast
2025-10-23T10:00:00+00:00,2025-10-23T10:15:00+00:00,0.04725,forecast
2025-10-23T10:15:00+00:00,2025-10-23T10:30:00+00:00,0.04468,forecast
2025-10-23T10:30:00+00:00,2025-10-23T10:45:00+00:00,0.04229,forecast
2025-10-23T10:45:00+00:00,2025-10-23T11:00:00+00:00,0.04024,forecast
2025-10-23T11:00:00+00:00,2025-10-23T11:15:00+00:00,0.03853,forecast
2025-10-23T11:15:00+00:00,2025-10-23T11:30:00+00:00,0.03705,forecast
2025-10-23T11:30:00+00:00,2025-10-23T11:45:00+00:00,0.03591,forecast
2025-10-23T11:45:00+00:00,2025-10-23T12:00:00+00:00,0.03529,forecast
2025-10-23T12:00:00+00:00,2025-10-23T12:15:00+00:00,0.03516,forecast
2025-10-23T12:15:00+00:00,2025-10-23T12:30:00+00:00,0.03541,forecast
2025-10-23T12:30:00+00:00,2025-10-23T12:45:00+00:00,0.03608,forecast
2025-10-23T12:45:00+00:00,2025-10-23T13:00:00+00:00,0.03721,forecast
2025-10-23T13:00:00+00:00,2025-10-23T13:15:00+00:00,0.0387,forecast
2025-10-23T13:15:00+00:00,2025-10-23T13:30:00+00:00,0.04034,forecast
2025-10-23T13:30:00+00:00,2025-10-23T13:45:00+00:00,0.0423,forecast
2025-10-23T13:45:00+00:00,2025-10-23T14:00:00+00:00,0.0447,forecast
2025-10-23T14:00:00+00:00,2025-10-23T14:15:00+00:00,0.04722,forecast
2025-10-23T14:15:00+00:00,2025-10-23T14:30:00+00:00,0.0496,forecast
2025-10-23T14:30:00+00:00,2025-10-23T14:45:00+00:00,0.05206,forecast
2025-10-23T14:45:00+00:00,2025-10-23T15:00:00+00:00,0.05489,forecast
2025-10-23T15:00:00+00:00,2025-10-23T15:15:00+00:00,0.05775,forecast
2025-10-23T15:15:00+00:00,2025-10-23T15:30:00+00:00,0.06039,forecast
2025-10-23T15:30:00+00:00,2025-10-23T15:45:00+00:00,0.06285,forecast
2025-10-23T15:45:00+00:00,2025-10-23T16:00:00+00:00,0.06535,forecast
2025-10-23T16:00:00+00:00,2025-10-23T16:15:00+00:00,0.068,forecast
2025-10-23T16:15:00+00:00,2025-10-23T16:30:00+00:00,0.07052,forecast
2025-10-23T16:30:00+00:00,2025-10-23T16:45:00+00:00,0.07272,forecast
2025-10-23T16:45:00+00:00,2025-10-23T17:00:00+00:00,0.07446,forecast
2025-10-23T17:00:00+00:00,2025-10-23T17:15:00+00:00,0.07607,forecast
2025-10-23T17:15:00+00:00,2025-10-23T17:30:00+00:00,0.07744,forecast
2025-10-23T17:30:00+00:00,2025-10-23T17:45:00+00:00,0.07844,forecast
2025-10-23T17:45:00+00:00,2025-10-23T18:00:00+00:00,0.07886,forecast
2025-10-23T18:00:00+00:00,2025-10-23T18:15:00+00:00,0.07894,forecast
2025-10-23T18:15:00+00:00,2025-10-23T18:30:00+00:00,0.0786,forecast
2025-10-23T18:30:00+00:00,2025-10-23T18:45:00+00:00,0.07782,forecast
2025-10-23T18:45:00+00:00,2025-10-23T19:00:00+00:00,0.0766,forecast
2025-10-23T19:00:00+00:00,2025-10-23T19:15:00+00:00,0.0752,forecast
2025-10-23T19:15:00+00:00,2025-10-23T19:30:00+00:00,0.07365,forecast
2025-10-23T19:30:00+00:00,2025-10-23T19:45:00+00:00,0.0718,forecast
2025-10-23T19:45:00+00:00,2025-10-23T20:00:00+00:00,0.0696,forecast
2025-10-23T20:00:00+00:00,2025-10-23T20:15:00+00:00,0.06744,forecast
2025-10-23T20:15:00+00:00,2025-10-23T20:30:00+00:00,0.0654,forecast
2025-10-23T20:30:00+00:00,2025-10-23T20:45:00+00:00,0.06339,forecast
2025-10-23T20:45:00+00:00,2025-10-23T21:00:00+00:00,0.06122,forecast
2025-10-23T21:00:00+00:00,2025-10-23T21:15:00+00:00,0.05912,forecast
2025-10-23T21:15:00+00:00,2025-10-23T21:30:00+00:00,0.05712,forecast
2025-10-23T21:30:00+00:00,2025-10-23T21:45:00+00:00,0.05528,forecast
2025-10-23T21:45:00+00:00,2025-10-23T22:00:00+00:00,0.05352,forecast
2025-10-23T22:00:00+00:00,2025-10-23T22:15:00+00:00,0.04761,forecast
2025-10-23T22:15:00+00:00,2025-10-23T22:30:00+00:00,0.0427,forecast
2025-10-23T22:30:00+00:00,2025-10-23T22:45:00+00:00,0.03889,forecast
2025-10-23T22:45:00+00:00,2025-10-23T23:00:00+00:00,0.036,forecast
2025-10-23T23:00:00+00:00,2025-10-23T23:15:00+00:00,0.03259,forecast
2025-10-23T23:15:00+00:00,2025-10-23T23:30:00+00:00,0.02897,forecast
2025-10-23T23:30:00+00:00,2025-10-23T23:45:00+00:00,0.02557,forecast
2025-10-23T23:45:00+00:00,2025-10-24T00:00:00+00:00,0.02272,forecast
2025-10-24T00:00:00+00:00,2025-10-24T00:15:00+00:00,0.02116,forecast
2025-10-24T00:15:00+00:00,2025-10-24T00:30:00+00:00,0.02023,forecast
2025-10-24T00:30:00+00:00,2025-10-24T00:45:00+00:00,0.01957,forecast
2025-10-24T00:45:00+00:00,2025-10-24T01:00:00+00:00,0.01912,forecast
2025-10-24T01:00:00+00:00,2025-10-24T01:15:00+00:00,0.01931,forecast
2025-10-24T01:15:00+00:00,2025-10-24T01:30:00+00:00,0.02013,forecast
2025-10-24T01:30:00+00:00,2025-10-24T01:45:00+00:00,0.02148,forecast
2025-10-24T01:45:00+00:00,2025-10-24T02:00:00+00:00,0.02322,forecast
2025-10-24T02:00:00+00:00,2025-10-24T02:15:00+00:00,0.02518,forecast
2025-10-24T02:15:00+00:00,2025-10-24T02:30:00+00:00,0.02719,forecast
2025-10-24T02:30:00+00:00,2025-10-24T02:45:00+00:00,0.02934,forecast
2025-10-24T02:45:00+00:00,2025-10-24T03:00:00+00:00,0.03174,forecast
2025-10-24T03:00:00+00:00,2025-10-24T03:15:00+00:00,0.03433,forecast
2025-10-24T03:15:00+00:00,2025-10-24T03:30:00+00:00,0.03682,forecast
2025-10-24T03:30:00+00:00,2025-10-24T03:45:00+00:00,0.03915,forecast
2025-10-24T03:45:00+00:00,2025-10-24T04:00:00+00:00,0.04138,forecast
2025-10-24T04:00:00+00:00,2025-10-24T04:15:00+00:00,0.04375,forecast
2025-10-24T04:15:00+00:00,2025-10-24T04:30:00+00:00,0.04609,forecast
2025-10-24T04:30:00+00:00,2025-10-24T04:45:00+00:00,0.04828,forecast
2025-10-24T04:45:00+00:00,2025-10-24T05:00:00+00:00,0.05021,forecast
2025-10-24T05:00:00+00:00,2025-10-24T05:15:00+00:00,0.05203,forecast
2025-10-24T05:15:00+00:00,2025-10-24T05:30:00+00:00,0.05368,forecast
2025-10-24T05:30:00+00:00,2025-10-24T05:45:00+00:00,0.05517,forecast
2025-10-24T05:45:00+00:00,2025-10-24T06:00:00+00:00,0.05643,forecast
2025-10-24T06:00:00+00:00,2025-10-24T06:15:00+00:00,0.0575,forecast
2025-10-24T06:15:00+00:00,2025-10-24T06:30:00+00:00,0.05829,forecast
2025-10-24T06:30:00+00:00,2025-10-24T06:45:00+00:00,0.05879,forecast
2025-10-24T06:45:00+00:00,2025-10-24T07:00:00+00:00,0.05897,forecast
2025-10-24T07:00:00+00:00,2025-10-24T07:15:00+00:00,0.05899,forecast
2025-10-24T07:15:00+00:00,2025-10-24T07:30:00+00:00,0.05877,forecast
2025-10-24T07:30:00+00:00,2025-10-24T07:45:00+00:00,0.05827,forecast
2025-10-24T07:45:00+00:00,2025-10-24T08:00:00+00:00,0.0574,forecast
2025-10-24T08:00:00+00:00,2025-10-24T08:15:00+00:00,0.05634,forecast
2025-10-24T08:15:00+00:00,2025-10-24T08:30:00+00:00,0.05507,forecast
2025-10-24T08:30:00+00:00,2025-10-24T08:45:00+00:00,0.05362,forecast
2025-10-24T08:45:00+00:00,2025-10-24T09:00:00+00:00,0.05193,forecast
2025-10-24T09:00:00+00:00,2025-10-24T09:15:00+00:00,0.05011,forecast
2025-10-24T09:15:00+00:00,2025-10-24T09:30:00+00:00,0.04813,forecast
2025-10-24T09:30:00+00:00,2025-10-24T09:45:00+00:00,0.04606,forecast
2025-10-24T09:45:00+00:00,2025-10-24T10:00:00+00:00,0.04393,forecast
2025-10-24T10:00:00+00:00,2025-10-24T10:15:00+00:00,0.04171,forecast
2025-10-24T10:15:00+00:00,2025-10-24T10:30:00+00:00,0.03939,forecast
2025-10-24T10:30:00+00:00,2025-10-24T10:45:00+00:00,0.03708,forecast
2025-10-24T10:45:00+00:00,2025-10-24T11:00:00+00:00,0.03492,forecast
2025-10-24T11:00:00+00:00,2025-10-24T11:15:00+00:00,0.03296,forecast
2025-10-24T11:15:00+00:00,2025-10-24T11:30:00+00:00,0.0311,forecast
2025-10-24T11:30:00+00:00,2025-10-24T11:45:00+00:00,0.02939,forecast
2025-10-24T11:45:00+00:00,2025-10-24T12:00:00+00:00,0.02795,forecast
2025-10-24T12:00:00+00:00,2025-10-24T12:15:00+00:00,0.02694,forecast
2025-10-24T12:15:00+00:00,2025-10-24T12:30:00+00:00,0.02627,forecast
2025-10-24T12:30:00+00:00,2025-10-24T12:45:00+00:00,0.02593,forecast
2025-10-24T12:45:00+00:00,2025-10-24T13:00:00+00:00,0.02594,forecast
2025-10-24T13:00:00+00:00,2025-10-24T13:15:00+00:00,0.02638,forecast
2025-10-24T13:15:00+00:00,2025-10-24T13:30:00+00:00,0.02715,forecast
2025-10-24T13:30:00+00:00,2025-10-24T13:45:00+00:00,0.02825,forecast
2025-10-24T13:45:00+00:00,2025-10-24T14:00:00+00:00,0.02969,forecast
2025-10-24T14:00:00+00:00,2025-10-24T14:15:00+00:00,0.03148,forecast
2025-10-24T14:15:00+00:00,2025-10-24T14:30:00+00:00,0.03341,forecast
2025-10-24T14:30:00+00:00,2025-10-24T14:45:00+00:00,0.03547,forecast
2025-10-24T14:45:00+00:00,2025-10-24T15:00:00+00:00,0.0377,forecast
2025-10-24T15:00:00+00:00,2025-10-24T15:15:00+00:00,0.04015,forecast
2025-10-24T15:15:00+00:00,2025-10-24T15:30:00+00:00,0.0426,forecast
2025-10-24T15:30:00+00:00,2025-10-24T15:45:00+00:00,0.04498,forecast
2025-10-24T15:45:00+00:00,2025-10-24T16:00:00+00:00,0.04731,forecast
2025-10-24T16:00:00+00:00,2025-10-24T16:15:00+00:00,0.04983,forecast
2025-10-24T16:15:00+00:00,2025-10-24T16:30:00+00:00,0.05233,forecast
2025-10-24T16:30:00+00:00,2025-10-24T16:45:00+00:00,0.05468,forecast
2025-10-24T16:45:00+00:00,2025-10-24T17:00:00+00:00,0.05679,forecast
2025-10-24T17:00:00+00:00,2025-10-24T17:15:00+00:00,0.05882,forecast
2025-10-24T17:15:00+00:00,2025-10-24T17:30:00+00:00,0.06069,forecast
2025-10-24T17:30:00+00:00,2025-10-24T17:45:00+00:00,0.06237,forecast
2025-10-24T17:45:00+00:00,2025-10-24T18:00:00+00:00,0.06375,forecast
2025-10-24T18:00:00+00:00,2025-10-24T18:15:00+00:00,0.06486,forecast
2025-10-24T18:15:00+00:00,2025-10-24T18:30:00+00:00,0.06559,forecast
2025-10-24T18:30:00+00:00,2025-10-24T18:45:00+00:00,0.06597,forecast
2025-10-24T18:45:00+00:00,2025-10-24T19:00:00+00:00,0.066,forecast
2025-10-24T19:00:00+00:00,2025-10-24T19:15:00+00:00,0.06579,forecast
2025-10-24T19:15:00+00:00,2025-10-24T19:30:00+00:00,0.06522,forecast
2025-10-24T19:30:00+00:00,2025-10-24T19:45:00+00:00,0.06431,forecast
2025-10-24T19:45:00+00:00,2025-10-24T20:00:00+00:00,0.06306,forecast
2025-10-24T20:00:00+00:00,2025-10-24T20:15:00+00:00,0.06165,forecast
2025-10-24T20:15:00+00:00,2025-10-24T20:30:00+00:00,0.06006,forecast
2025-10-24T20:30:00+00:00,2025-10-24T20:45:00+00:00,0.05833,forecast
2025-10-24T20:45:00+00:00,2025-10-24T21:00:00+00:00,0.05644,forecast
2025-10-24T21:00:00+00:00,2025-10-24T21:15:00+00:00,0.05453,forecast
2025-10-24T21:15:00+00:00,2025-10-24T21:30:00+00:00,0.05255,forecast
2025-10-24T21:30:00+00:00,2025-10-24T21:45:00+00:00,0.0506,forecast
2025-10-24T21:45:00+00:00,2025-10-24T22:00:00+00:00,0.04869,forecast
