time,price_eur_mwh
2025-10-07 00:00:00+02:00,105.51
2025-10-07 00:15:00+02:00,102.6
2025-10-07 00:30:00+02:00,99.05
2025-10-07 00:45:00+02:00,93.89
2025-10-07 01:00:00+02:00,100.0
2025-10-07 01:15:00+02:00,94.82
2025-10-07 01:30:00+02:00,92.68
2025-10-07 01:45:00+02:00,88.45
2025-10-07 02:00:00+02:00,91.23
2025-10-07 02:15:00+02:00,89.36
2025-10-07 02:30:00+02:00,89.45
2025-10-07 02:45:00+02:00,89.23
2025-10-07 03:00:00+02:00,88.66
2025-10-07 03:15:00+02:00,88.59
2025-10-07 03:30:00+02:00,89.47
2025-10-07 03:45:00+02:00,91.48
2025-10-07 04:00:00+02:00,86.92
2025-10-07 04:15:00+02:00,88.8
2025-10-07 04:30:00+02:00,95.03
2025-10-07 04:45:00+02:00,101.15
2025-10-07 05:00:00+02:00,86.94
2025-10-07 05:15:00+02:00,93.11
2025-10-07 05:30:00+02:00,99.05
2025-10-07 05:45:00+02:00,107.86
2025-10-07 06:00:00+02:00,106.77
2025-10-07 06:15:00+02:00,125.07
2025-10-07 06:30:00+02:00,141.18
2025-10-07 06:45:00+02:00,166.52
2025-10-07 07:00:00+02:00,148.03
2025-10-07 07:15:00+02:00,207.93
2025-10-07 07:30:00+02:00,270.09
2025-10-07 07:45:00+02:00,288.17
2025-10-07 08:00:00+02:00,307.91
2025-10-07 08:15:00+02:00,300.04
2025-10-07 08:30:00+02:00,288.15
2025-10-07 08:45:00+02:00,254.58
2025-10-07 09:00:00+02:00,293.61
2025-10-07 09:15:00+02:00,249.64
2025-10-07 09:30:00+02:00,167.9
2025-10-07 09:45:00+02:00,137.58
2025-10-07 10:00:00+02:00,197.38
2025-10-07 10:15:00+02:00,164.08
2025-10-07 10:30:00+02:00,138.01
2025-10-07 10:45:00+02:00,119.17
2025-10-07 11:00:00+02:00,153.65
2025-10-07 11:15:00+02:00,135.82
2025-10-07 11:30:00+02:00,118.81
2025-10-07 11:45:00+02:00,111.35
2025-10-07 12:00:00+02:00,123.01
2025-10-07 12:15:00+02:00,109.38
2025-10-07 12:30:00+02:00,105.91
2025-10-07 12:45:00+02:00,105.46
2025-10-07 13:00:00+02:00,112.23
2025-10-07 13:15:00+02:00,105.73
2025-10-07 13:30:00+02:00,104.76
2025-10-07 13:45:00+02:00,102.01
2025-10-07 14:00:00+02:00,103.08
2025-10-07 14:15:00+02:00,104.76
2025-10-07 14:30:00+02:00,105.91
2025-10-07 14:45:00+02:00,107.66
2025-10-07 15:00:00+02:00,101.2
2025-10-07 15:15:00+02:00,105.68
2025-10-07 15:30:00+02:00,116.17
2025-10-07 15:45:00+02:00,129.59
2025-10-07 16:00:00+02:00,103.91
2025-10-07 16:15:00+02:00,110.59
2025-10-07 16:30:00+02:00,127.15
2025-10-07 16:45:00+02:00,146.77
2025-10-07 17:00:00+02:00,115.04
2025-10-07 17:15:00+02:00,128.99
2025-10-07 17:30:00+02:00,155.82
2025-10-07 17:45:00+02:00,207.51
2025-10-07 18:00:00+02:00,147.29
2025-10-07 18:15:00+02:00,154.33
2025-10-07 18:30:00+02:00,220.61
2025-10-07 18:45:00+02:00,287.44
2025-10-07 19:00:00+02:00,253.39
2025-10-07 19:15:00+02:00,221.51
2025-10-07 19:30:00+02:00,197.41
2025-10-07 19:45:00+02:00,180.81
2025-10-07 20:00:00+02:00,178.46
2025-10-07 20:15:00+02:00,158.89
2025-10-07 20:30:00+02:00,131.01
2025-10-07 20:45:00+02:00,117.0
2025-10-07 21:00:00+02:00,147.22
2025-10-07 21:15:00+02:00,129.01
2025-10-07 21:30:00+02:00,112.79
2025-10-07 21:45:00+02:00,103.95
2025-10-07 22:00:00+02:00,116.35
2025-10-07 22:15:00+02:00,111.87
2025-10-07 22:30:00+02:00,106.1
2025-10-07 22:45:00+02:00,95.37
2025-10-07 23:00:00+02:00,107.82
2025-10-07 23:15:00+02:00,98.43
2025-10-07 23:30:00+02:00,93.57
2025-10-07 23:45:00+02:00,90.11
2025-10-08 00:00:00+02:00,101.74
2025-10-08 00:15:00+02:00,91.4
2025-10-08 00:30:00+02:00,91.47
2025-10-08 00:45:00+02:00,89.2
2025-10-08 01:00:00+02:00,91.85
2025-10-08 01:15:00+02:00,89.07
2025-10-08 01:30:00+02:00,87.33
2025-10-08 01:45:00+02:00,85.5
2025-10-08 02:00:00+02:00,89.21
2025-10-08 02:15:00+02:00,88.14
2025-10-08 02:30:00+02:00,86.99
2025-10-08 02:45:00+02:00,85.9
2025-10-08 03:00:00+02:00,86.97
2025-10-08 03:15:00+02:00,86.91
2025-10-08 03:30:00+02:00,86.98
2025-10-08 03:45:00+02:00,87.04
2025-10-08 04:00:00+02:00,85.66
2025-10-08 04:15:00+02:00,87.74
2025-10-08 04:30:00+02:00,91.18
2025-10-08 04:45:00+02:00,94.11
2025-10-08 05:00:00+02:00,86.98
2025-10-08 05:15:00+02:00,93.28
2025-10-08 05:30:00+02:00,99.91
2025-10-08 05:45:00+02:00,109.41
2025-10-08 06:00:00+02:00,92.99
2025-10-08 06:15:00+02:00,113.91
2025-10-08 06:30:00+02:00,122.99
2025-10-08 06:45:00+02:00,138.54
2025-10-08 07:00:00+02:00,130.47
2025-10-08 07:15:00+02:00,151.59
2025-10-08 07:30:00+02:00,168.9
2025-10-08 07:45:00+02:00,171.36
2025-10-08 08:00:00+02:00,203.62
2025-10-08 08:15:00+02:00,175.34
2025-10-08 08:30:00+02:00,151.24
2025-10-08 08:45:00+02:00,135.38
2025-10-08 09:00:00+02:00,174.2
2025-10-08 09:15:00+02:00,140.92
2025-10-08 09:30:00+02:00,119.67
2025-10-08 09:45:00+02:00,105.91
2025-10-08 10:00:00+02:00,142.74
2025-10-08 10:15:00+02:00,121.74
2025-10-08 10:30:00+02:00,107.37
2025-10-08 10:45:00+02:00,101.93
2025-10-08 11:00:00+02:00,123.01
2025-10-08 11:15:00+02:00,104.46
2025-10-08 11:30:00+02:00,97.58
2025-10-08 11:45:00+02:00,88.25
2025-10-08 12:00:00+02:00,94.88
2025-10-08 12:15:00+02:00,91.03
2025-10-08 12:30:00+02:00,88.78
2025-10-08 12:45:00+02:00,88.6
2025-10-08 13:00:00+02:00,90.79
2025-10-08 13:15:00+02:00,90.1
2025-10-08 13:30:00+02:00,89.17
2025-10-08 13:45:00+02:00,87.28
2025-10-08 14:00:00+02:00,85.44
2025-10-08 14:15:00+02:00,87.72
2025-10-08 14:30:00+02:00,90.0
2025-10-08 14:45:00+02:00,98.61
2025-10-08 15:00:00+02:00,89.1
2025-10-08 15:15:00+02:00,93.72
2025-10-08 15:30:00+02:00,101.34
2025-10-08 15:45:00+02:00,113.55
2025-10-08 16:00:00+02:00,93.15
2025-10-08 16:15:00+02:00,102.2
2025-10-08 16:30:00+02:00,127.44
2025-10-08 16:45:00+02:00,147.07
2025-10-08 17:00:00+02:00,102.83
2025-10-08 17:15:00+02:00,123.24
2025-10-08 17:30:00+02:00,155.33
2025-10-08 17:45:00+02:00,216.52
2025-10-08 18:00:00+02:00,135.54
2025-10-08 18:15:00+02:00,147.6
2025-10-08 18:30:00+02:00,204.53
2025-10-08 18:45:00+02:00,247.56
2025-10-08 19:00:00+02:00,235.93
2025-10-08 19:15:00+02:00,204.62
2025-10-08 19:30:00+02:00,180.46
2025-10-08 19:45:00+02:00,175.0
2025-10-08 20:00:00+02:00,170.48
2025-10-08 20:15:00+02:00,149.96
2025-10-08 20:30:00+02:00,128.09
2025-10-08 20:45:00+02:00,118.25
2025-10-08 21:00:00+02:00,128.88
2025-10-08 21:15:00+02:00,117.94
2025-10-08 21:30:00+02:00,109.29
2025-10-08 21:45:00+02:00,102.85
2025-10-08 22:00:00+02:00,114.61
2025-10-08 22:15:00+02:00,113.93
2025-10-08 22:30:00+02:00,106.49
2025-10-08 22:45:00+02:00,97.93
2025-10-08 23:00:00+02:00,106.06
2025-10-08 23:15:00+02:00,99.79
2025-10-08 23:30:00+02:00,95.48
2025-10-08 23:45:00+02:00,90.0
2025-10-09 00:00:00+02:00,109.22
2025-10-09 00:15:00+02:00,100.01
2025-10-09 00:30:00+02:00,90.88
2025-10-09 00:45:00+02:00,88.75
2025-10-09 01:00:00+02:00,91.7
2025-10-09 01:15:00+02:00,93.33
2025-10-09 01:30:00+02:00,92.32
2025-10-09 01:45:00+02:00,92.98
2025-10-09 02:00:00+02:00,96.05
2025-10-09 02:15:00+02:00,92.32
2025-10-09 02:30:00+02:00,92.28
2025-10-09 02:45:00+02:00,92.4
2025-10-09 03:00:00+02:00,93.36
2025-10-09 03:15:00+02:00,89.9
2025-10-09 03:30:00+02:00,89.97
2025-10-09 03:45:00+02:00,90.04
2025-10-09 04:00:00+02:00,86.94
2025-10-09 04:15:00+02:00,89.03
2025-10-09 04:30:00+02:00,92.49
2025-10-09 04:45:00+02:00,102.34
2025-10-09 05:00:00+02:00,87.41
2025-10-09 05:15:00+02:00,91.81
2025-10-09 05:30:00+02:00,104.3
2025-10-09 05:45:00+02:00,121.09
2025-10-09 06:00:00+02:00,102.35
2025-10-09 06:15:00+02:00,121.42
2025-10-09 06:30:00+02:00,132.35
2025-10-09 06:45:00+02:00,146.2
2025-10-09 07:00:00+02:00,125.35
2025-10-09 07:15:00+02:00,146.35
2025-10-09 07:30:00+02:00,156.11
2025-10-09 07:45:00+02:00,152.19
2025-10-09 08:00:00+02:00,172.25
2025-10-09 08:15:00+02:00,152.98
2025-10-09 08:30:00+02:00,143.8
2025-10-09 08:45:00+02:00,130.57
2025-10-09 09:00:00+02:00,166.46
2025-10-09 09:15:00+02:00,134.41
2025-10-09 09:30:00+02:00,122.99
2025-10-09 09:45:00+02:00,106.09
2025-10-09 10:00:00+02:00,131.55
2025-10-09 10:15:00+02:00,113.86
2025-10-09 10:30:00+02:00,102.3
2025-10-09 10:45:00+02:00,91.04
2025-10-09 11:00:00+02:00,106.52
2025-10-09 11:15:00+02:00,102.13
2025-10-09 11:30:00+02:00,91.64
2025-10-09 11:45:00+02:00,87.56
2025-10-09 12:00:00+02:00,100.33
2025-10-09 12:15:00+02:00,92.2
2025-10-09 12:30:00+02:00,87.93
2025-10-09 12:45:00+02:00,83.63
2025-10-09 13:00:00+02:00,89.01
2025-10-09 13:15:00+02:00,88.22
2025-10-09 13:30:00+02:00,84.65
2025-10-09 13:45:00+02:00,71.53
2025-10-09 14:00:00+02:00,77.77
2025-10-09 14:15:00+02:00,83.77
2025-10-09 14:30:00+02:00,84.15
2025-10-09 14:45:00+02:00,87.11
2025-10-09 15:00:00+02:00,79.61
2025-10-09 15:15:00+02:00,84.13
2025-10-09 15:30:00+02:00,89.22
2025-10-09 15:45:00+02:00,102.35
2025-10-09 16:00:00+02:00,87.51
2025-10-09 16:15:00+02:00,88.37
2025-10-09 16:30:00+02:00,92.11
2025-10-09 16:45:00+02:00,100.31
2025-10-09 17:00:00+02:00,87.53
2025-10-09 17:15:00+02:00,110.57
2025-10-09 17:30:00+02:00,112.0
2025-10-09 17:45:00+02:00,129.94
2025-10-09 18:00:00+02:00,115.48
2025-10-09 18:15:00+02:00,124.26
2025-10-09 18:30:00+02:00,126.56
2025-10-09 18:45:00+02:00,125.33
2025-10-09 19:00:00+02:00,125.71
2025-10-09 19:15:00+02:00,126.43
2025-10-09 19:30:00+02:00,122.58
2025-10-09 19:45:00+02:00,117.73
2025-10-09 20:00:00+02:00,119.72
2025-10-09 20:15:00+02:00,114.76
2025-10-09 20:30:00+02:00,110.14
2025-10-09 20:45:00+02:00,104.83
2025-10-09 21:00:00+02:00,107.15
2025-10-09 21:15:00+02:00,101.69
2025-10-09 21:30:00+02:00,96.39
2025-10-09 21:45:00+02:00,87.14
2025-10-09 22:00:00+02:00,113.22
2025-10-09 22:15:00+02:00,95.43
2025-10-09 22:30:00+02:00,90.93
2025-10-09 22:45:00+02:00,87.75
2025-10-09 23:00:00+02:00,98.98
2025-10-09 23:15:00+02:00,90.55
2025-10-09 23:30:00+02:00,87.65
2025-10-09 23:45:00+02:00,77.62
2025-10-10 00:00:00+02:00,95.72
2025-10-10 00:15:00+02:00,89.14
2025-10-10 00:30:00+02:00,86.45
2025-10-10 00:45:00+02:00,80.73
2025-10-10 01:00:00+02:00,90.84
2025-10-10 01:15:00+02:00,84.36
2025-10-10 01:30:00+02:00,83.5
2025-10-10 01:45:00+02:00,81.17
2025-10-10 02:00:00+02:00,83.19
2025-10-10 02:15:00+02:00,79.99
2025-10-10 02:30:00+02:00,78.91
2025-10-10 02:45:00+02:00,78.26
2025-10-10 03:00:00+02:00,79.77
2025-10-10 03:15:00+02:00,78.7
2025-10-10 03:30:00+02:00,77.4
2025-10-10 03:45:00+02:00,77.27
2025-10-10 04:00:00+02:00,78.77
2025-10-10 04:15:00+02:00,80.06
2025-10-10 04:30:00+02:00,76.81
2025-10-10 04:45:00+02:00,81.2
2025-10-10 05:00:00+02:00,76.82
2025-10-10 05:15:00+02:00,81.28
2025-10-10 05:30:00+02:00,84.79
2025-10-10 05:45:00+02:00,101.4
2025-10-10 06:00:00+02:00,83.53
2025-10-10 06:15:00+02:00,105.2
2025-10-10 06:30:00+02:00,99.33
2025-10-10 06:45:00+02:00,122.49
2025-10-10 07:00:00+02:00,102.12
2025-10-10 07:15:00+02:00,113.67
2025-10-10 07:30:00+02:00,125.29
2025-10-10 07:45:00+02:00,136.22
2025-10-10 08:00:00+02:00,151.65
2025-10-10 08:15:00+02:00,133.39
2025-10-10 08:30:00+02:00,109.4
2025-10-10 08:45:00+02:00,96.01
2025-10-10 09:00:00+02:00,143.83
2025-10-10 09:15:00+02:00,112.07
2025-10-10 09:30:00+02:00,96.73
2025-10-10 09:45:00+02:00,78.43
2025-10-10 10:00:00+02:00,123.0
2025-10-10 10:15:00+02:00,93.17
2025-10-10 10:30:00+02:00,84.55
2025-10-10 10:45:00+02:00,71.31
2025-10-10 11:00:00+02:00,96.26
2025-10-10 11:15:00+02:00,79.29
2025-10-10 11:30:00+02:00,79.04
2025-10-10 11:45:00+02:00,73.88
2025-10-10 12:00:00+02:00,87.88
2025-10-10 12:15:00+02:00,79.84
2025-10-10 12:30:00+02:00,74.67
2025-10-10 12:45:00+02:00,67.74
2025-10-10 13:00:00+02:00,76.07
2025-10-10 13:15:00+02:00,78.85
2025-10-10 13:30:00+02:00,77.26
2025-10-10 13:45:00+02:00,70.58
2025-10-10 14:00:00+02:00,59.95
2025-10-10 14:15:00+02:00,77.39
2025-10-10 14:30:00+02:00,80.07
2025-10-10 14:45:00+02:00,91.62
2025-10-10 15:00:00+02:00,76.48
2025-10-10 15:15:00+02:00,85.09
2025-10-10 15:30:00+02:00,91.56
2025-10-10 15:45:00+02:00,102.45
2025-10-10 16:00:00+02:00,77.06
2025-10-10 16:15:00+02:00,91.53
2025-10-10 16:30:00+02:00,99.84
2025-10-10 16:45:00+02:00,123.0
2025-10-10 17:00:00+02:00,97.74
2025-10-10 17:15:00+02:00,111.9
2025-10-10 17:30:00+02:00,123.39
2025-10-10 17:45:00+02:00,139.77
2025-10-10 18:00:00+02:00,107.18
2025-10-10 18:15:00+02:00,117.5
2025-10-10 18:30:00+02:00,121.42
2025-10-10 18:45:00+02:00,136.32
2025-10-10 19:00:00+02:00,124.81
2025-10-10 19:15:00+02:00,123.84
2025-10-10 19:30:00+02:00,123.87
2025-10-10 19:45:00+02:00,120.64
2025-10-10 20:00:00+02:00,131.89
2025-10-10 20:15:00+02:00,119.32
2025-10-10 20:30:00+02:00,110.0
2025-10-10 20:45:00+02:00,100.35
2025-10-10 21:00:00+02:00,115.53
2025-10-10 21:15:00+02:00,110.95
2025-10-10 21:30:00+02:00,101.04
2025-10-10 21:45:00+02:00,88.14
2025-10-10 22:00:00+02:00,104.53
2025-10-10 22:15:00+02:00,102.46
2025-10-10 22:30:00+02:00,97.94
2025-10-10 22:45:00+02:00,86.02
2025-10-10 23:00:00+02:00,94.58
2025-10-10 23:15:00+02:00,92.97
2025-10-10 23:30:00+02:00,96.62
2025-10-10 23:45:00+02:00,89.23
2025-10-11 00:00:00+02:00,102.78
2025-10-11 00:15:00+02:00,97.66
2025-10-11 00:30:00+02:00,88.08
2025-10-11 00:45:00+02:00,83.35
2025-10-11 01:00:00+02:00,91.25
2025-10-11 01:15:00+02:00,89.52
2025-10-11 01:30:00+02:00,87.4
2025-10-11 01:45:00+02:00,87.17
2025-10-11 02:00:00+02:00,87.53
2025-10-11 02:15:00+02:00,88.63
2025-10-11 02:30:00+02:00,87.21
2025-10-11 02:45:00+02:00,86.18
2025-10-11 03:00:00+02:00,86.26
2025-10-11 03:15:00+02:00,84.5
2025-10-11 03:30:00+02:00,83.63
2025-10-11 03:45:00+02:00,82.31
2025-10-11 04:00:00+02:00,82.86
2025-10-11 04:15:00+02:00,82.63
2025-10-11 04:30:00+02:00,80.79
2025-10-11 04:45:00+02:00,81.83
2025-10-11 05:00:00+02:00,82.21
2025-10-11 05:15:00+02:00,84.55
2025-10-11 05:30:00+02:00,85.13
2025-10-11 05:45:00+02:00,87.13
2025-10-11 06:00:00+02:00,87.87
2025-10-11 06:15:00+02:00,88.97
2025-10-11 06:30:00+02:00,91.2
2025-10-11 06:45:00+02:00,93.02
2025-10-11 07:00:00+02:00,96.71
2025-10-11 07:15:00+02:00,95.06
2025-10-11 07:30:00+02:00,97.62
2025-10-11 07:45:00+02:00,97.62
2025-10-11 08:00:00+02:00,103.96
2025-10-11 08:15:00+02:00,103.22
2025-10-11 08:30:00+02:00,101.37
2025-10-11 08:45:00+02:00,93.05
2025-10-11 09:00:00+02:00,108.11
2025-10-11 09:15:00+02:00,100.02
2025-10-11 09:30:00+02:00,89.11
2025-10-11 09:45:00+02:00,74.6
2025-10-11 10:00:00+02:00,97.36
2025-10-11 10:15:00+02:00,85.84
2025-10-11 10:30:00+02:00,73.26
2025-10-11 10:45:00+02:00,73.27
2025-10-11 11:00:00+02:00,87.29
2025-10-11 11:15:00+02:00,76.86
2025-10-11 11:30:00+02:00,71.39
2025-10-11 11:45:00+02:00,60.54
2025-10-11 12:00:00+02:00,63.44
2025-10-11 12:15:00+02:00,60.1
2025-10-11 12:30:00+02:00,51.21
2025-10-11 12:45:00+02:00,46.92
2025-10-11 13:00:00+02:00,51.67
2025-10-11 13:15:00+02:00,47.13
2025-10-11 13:30:00+02:00,43.17
2025-10-11 13:45:00+02:00,45.12
2025-10-11 14:00:00+02:00,41.76
2025-10-11 14:15:00+02:00,48.54
2025-10-11 14:30:00+02:00,52.74
2025-10-11 14:45:00+02:00,61.08
2025-10-11 15:00:00+02:00,54.55
2025-10-11 15:15:00+02:00,75.1
2025-10-11 15:30:00+02:00,89.6
2025-10-11 15:45:00+02:00,88.52
2025-10-11 16:00:00+02:00,62.84
2025-10-11 16:15:00+02:00,76.17
2025-10-11 16:30:00+02:00,89.61
2025-10-11 16:45:00+02:00,105.98
2025-10-11 17:00:00+02:00,83.89
2025-10-11 17:15:00+02:00,99.22
2025-10-11 17:30:00+02:00,126.09
2025-10-11 17:45:00+02:00,146.82
2025-10-11 18:00:00+02:00,110.81
2025-10-11 18:15:00+02:00,122.14
2025-10-11 18:30:00+02:00,129.9
2025-10-11 18:45:00+02:00,142.9
2025-10-11 19:00:00+02:00,130.59
2025-10-11 19:15:00+02:00,139.21
2025-10-11 19:30:00+02:00,130.31
2025-10-11 19:45:00+02:00,120.58
2025-10-11 20:00:00+02:00,145.64
2025-10-11 20:15:00+02:00,128.34
2025-10-11 20:30:00+02:00,108.5
2025-10-11 20:45:00+02:00,100.06
2025-10-11 21:00:00+02:00,125.8
2025-10-11 21:15:00+02:00,114.05
2025-10-11 21:30:00+02:00,113.69
2025-10-11 21:45:00+02:00,96.64
2025-10-11 22:00:00+02:00,122.5
2025-10-11 22:15:00+02:00,110.4
2025-10-11 22:30:00+02:00,101.57
2025-10-11 22:45:00+02:00,93.16
2025-10-11 23:00:00+02:00,104.7
2025-10-11 23:15:00+02:00,95.41
2025-10-11 23:30:00+02:00,93.18
2025-10-11 23:45:00+02:00,87.1
2025-10-12 00:00:00+02:00,108.73
2025-10-12 00:15:00+02:00,105.82
2025-10-12 00:30:00+02:00,87.8
2025-10-12 00:45:00+02:00,82.36
2025-10-12 01:00:00+02:00,101.1
2025-10-12 01:15:00+02:00,96.85
2025-10-12 01:30:00+02:00,86.2
2025-10-12 01:45:00+02:00,84.52
2025-10-12 02:00:00+02:00,97.66
2025-10-12 02:15:00+02:00,87.85
2025-10-12 02:30:00+02:00,84.71
2025-10-12 02:45:00+02:00,85.22
2025-10-12 03:00:00+02:00,90.23
2025-10-12 03:15:00+02:00,85.83
2025-10-12 03:30:00+02:00,84.8
2025-10-12 03:45:00+02:00,79.66
2025-10-12 04:00:00+02:00,79.4
2025-10-12 04:15:00+02:00,82.2
2025-10-12 04:30:00+02:00,92.22
2025-10-12 04:45:00+02:00,91.83
2025-10-12 05:00:00+02:00,83.25
2025-10-12 05:15:00+02:00,79.83
2025-10-12 05:30:00+02:00,92.66
2025-10-12 05:45:00+02:00,90.89
2025-10-12 06:00:00+02:00,85.56
2025-10-12 06:15:00+02:00,87.95
2025-10-12 06:30:00+02:00,90.49
2025-10-12 06:45:00+02:00,89.2
2025-10-12 07:00:00+02:00,97.64
2025-10-12 07:15:00+02:00,86.04
2025-10-12 07:30:00+02:00,86.65
2025-10-12 07:45:00+02:00,86.36
2025-10-12 08:00:00+02:00,102.86
2025-10-12 08:15:00+02:00,88.47
2025-10-12 08:30:00+02:00,86.44
2025-10-12 08:45:00+02:00,76.87
2025-10-12 09:00:00+02:00,99.35
2025-10-12 09:15:00+02:00,85.81
2025-10-12 09:30:00+02:00,71.58
2025-10-12 09:45:00+02:00,75.51
2025-10-12 10:00:00+02:00,86.74
2025-10-12 10:15:00+02:00,77.11
2025-10-12 10:30:00+02:00,70.73
2025-10-12 10:45:00+02:00,70.24
2025-10-12 11:00:00+02:00,75.45
2025-10-12 11:15:00+02:00,71.19
2025-10-12 11:30:00+02:00,71.27
2025-10-12 11:45:00+02:00,69.69
2025-10-12 12:00:00+02:00,68.94
2025-10-12 12:15:00+02:00,67.61
2025-10-12 12:30:00+02:00,66.6
2025-10-12 12:45:00+02:00,64.4
2025-10-12 13:00:00+02:00,55.84
2025-10-12 13:15:00+02:00,53.3
2025-10-12 13:30:00+02:00,50.65
2025-10-12 13:45:00+02:00,48.85
2025-10-12 14:00:00+02:00,53.6
2025-10-12 14:15:00+02:00,57.06
2025-10-12 14:30:00+02:00,65.74
2025-10-12 14:45:00+02:00,73.5
2025-10-12 15:00:00+02:00,70.21
2025-10-12 15:15:00+02:00,72.52
2025-10-12 15:30:00+02:00,84.93
2025-10-12 15:45:00+02:00,92.28
2025-10-12 16:00:00+02:00,72.76
2025-10-12 16:15:00+02:00,83.74
2025-10-12 16:30:00+02:00,92.94
2025-10-12 16:45:00+02:00,102.57
2025-10-12 17:00:00+02:00,86.89
2025-10-12 17:15:00+02:00,102.71
2025-10-12 17:30:00+02:00,113.23
2025-10-12 17:45:00+02:00,119.37
2025-10-12 18:00:00+02:00,96.75
2025-10-12 18:15:00+02:00,105.97
2025-10-12 18:30:00+02:00,112.01
2025-10-12 18:45:00+02:00,120.87
2025-10-12 19:00:00+02:00,114.63
2025-10-12 19:15:00+02:00,115.39
2025-10-12 19:30:00+02:00,120.92
2025-10-12 19:45:00+02:00,115.62
2025-10-12 20:00:00+02:00,119.39
2025-10-12 20:15:00+02:00,118.91
2025-10-12 20:30:00+02:00,112.64
2025-10-12 20:45:00+02:00,111.17
2025-10-12 21:00:00+02:00,117.97
2025-10-12 21:15:00+02:00,114.92
2025-10-12 21:30:00+02:00,106.63
2025-10-12 21:45:00+02:00,102.27
2025-10-12 22:00:00+02:00,118.92
2025-10-12 22:15:00+02:00,111.38
2025-10-12 22:30:00+02:00,103.65
2025-10-12 22:45:00+02:00,97.21
2025-10-12 23:00:00+02:00,102.84
2025-10-12 23:15:00+02:00,93.59
2025-10-12 23:30:00+02:00,91.83
2025-10-12 23:45:00+02:00,85.52
2025-10-13 00:00:00+02:00,104.05
2025-10-13 00:15:00+02:00,93.08
2025-10-13 00:30:00+02:00,90.19
2025-10-13 00:45:00+02:00,86.49
2025-10-13 01:00:00+02:00,91.31
2025-10-13 01:15:00+02:00,87.58
2025-10-13 01:30:00+02:00,91.61
2025-10-13 01:45:00+02:00,90.54
2025-10-13 02:00:00+02:00,93.67
2025-10-13 02:15:00+02:00,91.92
2025-10-13 02:30:00+02:00,89.27
2025-10-13 02:45:00+02:00,88.47
2025-10-13 03:00:00+02:00,89.67
2025-10-13 03:15:00+02:00,89.0
2025-10-13 03:30:00+02:00,87.72
2025-10-13 03:45:00+02:00,90.1
2025-10-13 04:00:00+02:00,93.0
2025-10-13 04:15:00+02:00,88.57
2025-10-13 04:30:00+02:00,93.4
2025-10-13 04:45:00+02:00,98.84
2025-10-13 05:00:00+02:00,89.06
2025-10-13 05:15:00+02:00,93.71
2025-10-13 05:30:00+02:00,96.79
2025-10-13 05:45:00+02:00,112.82
2025-10-13 06:00:00+02:00,84.71
2025-10-13 06:15:00+02:00,114.21
2025-10-13 06:30:00+02:00,142.96
2025-10-13 06:45:00+02:00,183.76
2025-10-13 07:00:00+02:00,144.36
2025-10-13 07:15:00+02:00,213.9
2025-10-13 07:30:00+02:00,252.53
2025-10-13 07:45:00+02:00,263.76
2025-10-13 08:00:00+02:00,256.61
2025-10-13 08:15:00+02:00,228.95
2025-10-13 08:30:00+02:00,175.68
2025-10-13 08:45:00+02:00,136.99
2025-10-13 09:00:00+02:00,202.36
2025-10-13 09:15:00+02:00,153.44
2025-10-13 09:30:00+02:00,135.96
2025-10-13 09:45:00+02:00,108.98
2025-10-13 10:00:00+02:00,141.47
2025-10-13 10:15:00+02:00,132.41
2025-10-13 10:30:00+02:00,118.19
2025-10-13 10:45:00+02:00,108.32
2025-10-13 11:00:00+02:00,127.09
2025-10-13 11:15:00+02:00,111.15
2025-10-13 11:30:00+02:00,103.47
2025-10-13 11:45:00+02:00,98.29
2025-10-13 12:00:00+02:00,103.56
2025-10-13 12:15:00+02:00,95.83
2025-10-13 12:30:00+02:00,92.44
2025-10-13 12:45:00+02:00,88.57
2025-10-13 13:00:00+02:00,95.05
2025-10-13 13:15:00+02:00,92.2
2025-10-13 13:30:00+02:00,87.57
2025-10-13 13:45:00+02:00,84.61
2025-10-13 14:00:00+02:00,82.75
2025-10-13 14:15:00+02:00,87.75
2025-10-13 14:30:00+02:00,95.87
2025-10-13 14:45:00+02:00,102.02
2025-10-13 15:00:00+02:00,88.3
2025-10-13 15:15:00+02:00,95.13
2025-10-13 15:30:00+02:00,104.88
2025-10-13 15:45:00+02:00,119.06
2025-10-13 16:00:00+02:00,92.2
2025-10-13 16:15:00+02:00,107.46
2025-10-13 16:30:00+02:00,123.29
2025-10-13 16:45:00+02:00,148.66
2025-10-13 17:00:00+02:00,106.78
2025-10-13 17:15:00+02:00,130.89
2025-10-13 17:30:00+02:00,198.43
2025-10-13 17:45:00+02:00,286.3
2025-10-13 18:00:00+02:00,195.22
2025-10-13 18:15:00+02:00,260.78
2025-10-13 18:30:00+02:00,361.99
2025-10-13 18:45:00+02:00,404.97
2025-10-13 19:00:00+02:00,396.92
2025-10-13 19:15:00+02:00,344.43
2025-10-13 19:30:00+02:00,270.65
2025-10-13 19:45:00+02:00,214.3
2025-10-13 20:00:00+02:00,273.43
2025-10-13 20:15:00+02:00,201.95
2025-10-13 20:30:00+02:00,143.39
2025-10-13 20:45:00+02:00,129.04
2025-10-13 21:00:00+02:00,176.2
2025-10-13 21:15:00+02:00,139.36
2025-10-13 21:30:00+02:00,118.96
2025-10-13 21:45:00+02:00,114.18
2025-10-13 22:00:00+02:00,134.99
2025-10-13 22:15:00+02:00,128.17
2025-10-13 22:30:00+02:00,117.3
2025-10-13 22:45:00+02:00,107.49
2025-10-13 23:00:00+02:00,123.09
2025-10-13 23:15:00+02:00,109.69
2025-10-13 23:30:00+02:00,107.42
2025-10-13 23:45:00+02:00,104.9
2025-10-14 00:00:00+02:00,114.93
2025-10-14 00:15:00+02:00,116.53
2025-10-14 00:30:00+02:00,105.51
2025-10-14 00:45:00+02:00,99.76
2025-10-14 01:00:00+02:00,107.3
2025-10-14 01:15:00+02:00,104.71
2025-10-14 01:30:00+02:00,102.65
2025-10-14 01:45:00+02:00,97.4
2025-10-14 02:00:00+02:00,104.85
2025-10-14 02:15:00+02:00,100.36
2025-10-14 02:30:00+02:00,98.04
2025-10-14 02:45:00+02:00,94.83
2025-10-14 03:00:00+02:00,100.87
2025-10-14 03:15:00+02:00,99.09
2025-10-14 03:30:00+02:00,97.43
2025-10-14 03:45:00+02:00,98.08
2025-10-14 04:00:00+02:00,97.88
2025-10-14 04:15:00+02:00,99.2
2025-10-14 04:30:00+02:00,98.71
2025-10-14 04:45:00+02:00,104.4
2025-10-14 05:00:00+02:00,97.27
2025-10-14 05:15:00+02:00,102.82
2025-10-14 05:30:00+02:00,101.99
2025-10-14 05:45:00+02:00,103.71
2025-10-14 06:00:00+02:00,92.59
2025-10-14 06:15:00+02:00,121.87
2025-10-14 06:30:00+02:00,143.01
2025-10-14 06:45:00+02:00,135.7
2025-10-14 07:00:00+02:00,130.94
2025-10-14 07:15:00+02:00,143.01
2025-10-14 07:30:00+02:00,179.03
2025-10-14 07:45:00+02:00,187.8
2025-10-14 08:00:00+02:00,231.08
2025-10-14 08:15:00+02:00,224.0
2025-10-14 08:30:00+02:00,167.21
2025-10-14 08:45:00+02:00,140.99
2025-10-14 09:00:00+02:00,215.71
2025-10-14 09:15:00+02:00,153.83
2025-10-14 09:30:00+02:00,134.11
2025-10-14 09:45:00+02:00,122.13
2025-10-14 10:00:00+02:00,180.81
2025-10-14 10:15:00+02:00,132.93
2025-10-14 10:30:00+02:00,116.51
2025-10-14 10:45:00+02:00,108.65
2025-10-14 11:00:00+02:00,135.03
2025-10-14 11:15:00+02:00,120.93
2025-10-14 11:30:00+02:00,116.02
2025-10-14 11:45:00+02:00,107.4
2025-10-14 12:00:00+02:00,112.9
2025-10-14 12:15:00+02:00,111.69
2025-10-14 12:30:00+02:00,107.38
2025-10-14 12:45:00+02:00,98.62
2025-10-14 13:00:00+02:00,104.84
2025-10-14 13:15:00+02:00,102.49
2025-10-14 13:30:00+02:00,103.49
2025-10-14 13:45:00+02:00,101.17
2025-10-14 14:00:00+02:00,86.18
2025-10-14 14:15:00+02:00,100.81
2025-10-14 14:30:00+02:00,108.64
2025-10-14 14:45:00+02:00,125.43
2025-10-14 15:00:00+02:00,101.87
2025-10-14 15:15:00+02:00,112.9
2025-10-14 15:30:00+02:00,118.14
2025-10-14 15:45:00+02:00,156.19
2025-10-14 16:00:00+02:00,91.04
2025-10-14 16:15:00+02:00,116.09
2025-10-14 16:30:00+02:00,154.95
2025-10-14 16:45:00+02:00,224.32
2025-10-14 17:00:00+02:00,113.94
2025-10-14 17:15:00+02:00,145.1
2025-10-14 17:30:00+02:00,238.96
2025-10-14 17:45:00+02:00,378.78
2025-10-14 18:00:00+02:00,274.81
2025-10-14 18:15:00+02:00,361.84
2025-10-14 18:30:00+02:00,474.8
2025-10-14 18:45:00+02:00,508.38
2025-10-14 19:00:00+02:00,493.94
2025-10-14 19:15:00+02:00,448.63
2025-10-14 19:30:00+02:00,379.98
2025-10-14 19:45:00+02:00,306.27
2025-10-14 20:00:00+02:00,332.2
2025-10-14 20:15:00+02:00,242.83
2025-10-14 20:30:00+02:00,181.7
2025-10-14 20:45:00+02:00,145.19
2025-10-14 21:00:00+02:00,214.2
2025-10-14 21:15:00+02:00,165.07
2025-10-14 21:30:00+02:00,146.91
2025-10-14 21:45:00+02:00,125.98
2025-10-14 22:00:00+02:00,146.9
2025-10-14 22:15:00+02:00,132.57
2025-10-14 22:30:00+02:00,123.09
2025-10-14 22:45:00+02:00,116.87
2025-10-14 23:00:00+02:00,123.95
2025-10-14 23:15:00+02:00,118.01
2025-10-14 23:30:00+02:00,110.63
2025-10-14 23:45:00+02:00,108.85
2025-10-15 00:00:00+02:00,120.26
2025-10-15 00:15:00+02:00,116.09
2025-10-15 00:30:00+02:00,113.53
2025-10-15 00:45:00+02:00,111.97
2025-10-15 01:00:00+02:00,117.16
2025-10-15 01:15:00+02:00,112.45
2025-10-15 01:30:00+02:00,110.16
2025-10-15 01:45:00+02:00,107.69
2025-10-15 02:00:00+02:00,110.15
2025-10-15 02:15:00+02:00,108.38
2025-10-15 02:30:00+02:00,106.29
2025-10-15 02:45:00+02:00,105.9
2025-10-15 03:00:00+02:00,105.98
2025-10-15 03:15:00+02:00,104.94
2025-10-15 03:30:00+02:00,101.43
2025-10-15 03:45:00+02:00,102.12
2025-10-15 04:00:00+02:00,102.06
2025-10-15 04:15:00+02:00,104.76
2025-10-15 04:30:00+02:00,107.21
2025-10-15 04:45:00+02:00,111.89
2025-10-15 05:00:00+02:00,108.85
2025-10-15 05:15:00+02:00,112.74
2025-10-15 05:30:00+02:00,116.6
2025-10-15 05:45:00+02:00,119.4
2025-10-15 06:00:00+02:00,117.12
2025-10-15 06:15:00+02:00,131.33
2025-10-15 06:30:00+02:00,164.35
2025-10-15 06:45:00+02:00,195.04
2025-10-15 07:00:00+02:00,211.75
2025-10-15 07:15:00+02:00,270.1
2025-10-15 07:30:00+02:00,319.58
2025-10-15 07:45:00+02:00,313.53
2025-10-15 08:00:00+02:00,354.61
2025-10-15 08:15:00+02:00,304.77
2025-10-15 08:30:00+02:00,247.13
2025-10-15 08:45:00+02:00,198.28
2025-10-15 09:00:00+02:00,252.11
2025-10-15 09:15:00+02:00,197.67
2025-10-15 09:30:00+02:00,143.43
2025-10-15 09:45:00+02:00,131.0
2025-10-15 10:00:00+02:00,184.44
2025-10-15 10:15:00+02:00,141.01
2025-10-15 10:30:00+02:00,131.88
2025-10-15 10:45:00+02:00,112.1
2025-10-15 11:00:00+02:00,145.77
2025-10-15 11:15:00+02:00,130.42
2025-10-15 11:30:00+02:00,117.22
2025-10-15 11:45:00+02:00,111.01
2025-10-15 12:00:00+02:00,127.91
2025-10-15 12:15:00+02:00,124.04
2025-10-15 12:30:00+02:00,115.92
2025-10-15 12:45:00+02:00,109.83
2025-10-15 13:00:00+02:00,118.01
2025-10-15 13:15:00+02:00,115.82
2025-10-15 13:30:00+02:00,111.0
2025-10-15 13:45:00+02:00,106.68
2025-10-15 14:00:00+02:00,107.51
2025-10-15 14:15:00+02:00,109.68
2025-10-15 14:30:00+02:00,116.98
2025-10-15 14:45:00+02:00,127.4
2025-10-15 15:00:00+02:00,103.7
2025-10-15 15:15:00+02:00,107.64
2025-10-15 15:30:00+02:00,124.93
2025-10-15 15:45:00+02:00,154.3
2025-10-15 16:00:00+02:00,101.51
2025-10-15 16:15:00+02:00,118.71
2025-10-15 16:30:00+02:00,147.98
2025-10-15 16:45:00+02:00,174.57
2025-10-15 17:00:00+02:00,105.02
2025-10-15 17:15:00+02:00,130.3
2025-10-15 17:30:00+02:00,183.17
2025-10-15 17:45:00+02:00,261.51
2025-10-15 18:00:00+02:00,156.76
2025-10-15 18:15:00+02:00,189.62
2025-10-15 18:30:00+02:00,246.84
2025-10-15 18:45:00+02:00,294.29
2025-10-15 19:00:00+02:00,293.57
2025-10-15 19:15:00+02:00,242.91
2025-10-15 19:30:00+02:00,182.93
2025-10-15 19:45:00+02:00,160.59
2025-10-15 20:00:00+02:00,213.51
2025-10-15 20:15:00+02:00,158.01
2025-10-15 20:30:00+02:00,124.95
2025-10-15 20:45:00+02:00,114.91
2025-10-15 21:00:00+02:00,153.28
2025-10-15 21:15:00+02:00,131.41
2025-10-15 21:30:00+02:00,118.17
2025-10-15 21:45:00+02:00,94.51
2025-10-15 22:00:00+02:00,114.72
2025-10-15 22:15:00+02:00,101.31
2025-10-15 22:30:00+02:00,95.35
2025-10-15 22:45:00+02:00,81.46
2025-10-15 23:00:00+02:00,95.39
2025-10-15 23:15:00+02:00,87.17
2025-10-15 23:30:00+02:00,87.1
2025-10-15 23:45:00+02:00,83.02
2025-10-16 00:00:00+02:00,90.22
2025-10-16 00:15:00+02:00,91.63
2025-10-16 00:30:00+02:00,88.93
2025-10-16 00:45:00+02:00,81.88
2025-10-16 01:00:00+02:00,90.67
2025-10-16 01:15:00+02:00,87.14
2025-10-16 01:30:00+02:00,85.09
2025-10-16 01:45:00+02:00,80.33
2025-10-16 02:00:00+02:00,90.41
2025-10-16 02:15:00+02:00,88.7
2025-10-16 02:30:00+02:00,87.91
2025-10-16 02:45:00+02:00,84.98
2025-10-16 03:00:00+02:00,90.01
2025-10-16 03:15:00+02:00,88.69
2025-10-16 03:30:00+02:00,88.69
2025-10-16 03:45:00+02:00,79.23
2025-10-16 04:00:00+02:00,86.13
2025-10-16 04:15:00+02:00,88.05
2025-10-16 04:30:00+02:00,88.49
2025-10-16 04:45:00+02:00,90.67
2025-10-16 05:00:00+02:00,80.24
2025-10-16 05:15:00+02:00,81.25
2025-10-16 05:30:00+02:00,85.1
2025-10-16 05:45:00+02:00,93.59
2025-10-16 06:00:00+02:00,79.19
2025-10-16 06:15:00+02:00,89.99
2025-10-16 06:30:00+02:00,98.27
2025-10-16 06:45:00+02:00,117.32
2025-10-16 07:00:00+02:00,101.88
2025-10-16 07:15:00+02:00,116.05
2025-10-16 07:30:00+02:00,121.06
2025-10-16 07:45:00+02:00,125.5
2025-10-16 08:00:00+02:00,148.39
2025-10-16 08:15:00+02:00,146.12
2025-10-16 08:30:00+02:00,132.74
2025-10-16 08:45:00+02:00,103.82
2025-10-16 09:00:00+02:00,147.5
2025-10-16 09:15:00+02:00,132.71
2025-10-16 09:30:00+02:00,106.38
2025-10-16 09:45:00+02:00,93.13
2025-10-16 10:00:00+02:00,118.0
2025-10-16 10:15:00+02:00,93.73
2025-10-16 10:30:00+02:00,81.21
2025-10-16 10:45:00+02:00,76.01
2025-10-16 11:00:00+02:00,102.38
2025-10-16 11:15:00+02:00,86.71
2025-10-16 11:30:00+02:00,85.48
2025-10-16 11:45:00+02:00,78.66
2025-10-16 12:00:00+02:00,89.01
2025-10-16 12:15:00+02:00,82.76
2025-10-16 12:30:00+02:00,83.44
2025-10-16 12:45:00+02:00,78.4
2025-10-16 13:00:00+02:00,84.28
2025-10-16 13:15:00+02:00,82.54
2025-10-16 13:30:00+02:00,80.68
2025-10-16 13:45:00+02:00,78.4
2025-10-16 14:00:00+02:00,76.96
2025-10-16 14:15:00+02:00,79.25
2025-10-16 14:30:00+02:00,81.56
2025-10-16 14:45:00+02:00,94.15
2025-10-16 15:00:00+02:00,72.1
2025-10-16 15:15:00+02:00,82.42
2025-10-16 15:30:00+02:00,85.09
2025-10-16 15:45:00+02:00,92.5
2025-10-16 16:00:00+02:00,68.12
2025-10-16 16:15:00+02:00,79.48
2025-10-16 16:30:00+02:00,92.41
2025-10-16 16:45:00+02:00,116.1
2025-10-16 17:00:00+02:00,78.4
2025-10-16 17:15:00+02:00,116.06
2025-10-16 17:30:00+02:00,132.51
2025-10-16 17:45:00+02:00,156.69
2025-10-16 18:00:00+02:00,109.6
2025-10-16 18:15:00+02:00,128.7
2025-10-16 18:30:00+02:00,135.91
2025-10-16 18:45:00+02:00,145.79
2025-10-16 19:00:00+02:00,137.23
2025-10-16 19:15:00+02:00,144.29
2025-10-16 19:30:00+02:00,144.65
2025-10-16 19:45:00+02:00,136.19
2025-10-16 20:00:00+02:00,145.04
2025-10-16 20:15:00+02:00,123.38
2025-10-16 20:30:00+02:00,128.0
2025-10-16 20:45:00+02:00,105.96
2025-10-16 21:00:00+02:00,124.53
2025-10-16 21:15:00+02:00,106.18
2025-10-16 21:30:00+02:00,90.47
2025-10-16 21:45:00+02:00,87.75
2025-10-16 22:00:00+02:00,96.5
2025-10-16 22:15:00+02:00,100.23
2025-10-16 22:30:00+02:00,105.99
2025-10-16 22:45:00+02:00,96.7
2025-10-16 23:00:00+02:00,100.87
2025-10-16 23:15:00+02:00,95.47
2025-10-16 23:30:00+02:00,93.2
2025-10-16 23:45:00+02:00,83.91
2025-10-17 00:00:00+02:00,91.4
2025-10-17 00:15:00+02:00,88.11
2025-10-17 00:30:00+02:00,87.24
2025-10-17 00:45:00+02:00,85.84
2025-10-17 01:00:00+02:00,87.07
2025-10-17 01:15:00+02:00,87.52
2025-10-17 01:30:00+02:00,88.38
2025-10-17 01:45:00+02:00,90.28
2025-10-17 02:00:00+02:00,91.4
2025-10-17 02:15:00+02:00,88.2
2025-10-17 02:30:00+02:00,88.4
2025-10-17 02:45:00+02:00,88.23
2025-10-17 03:00:00+02:00,89.71
2025-10-17 03:15:00+02:00,87.83
2025-10-17 03:30:00+02:00,88.76
2025-10-17 03:45:00+02:00,87.53
2025-10-17 04:00:00+02:00,87.27
2025-10-17 04:15:00+02:00,87.46
2025-10-17 04:30:00+02:00,91.4
2025-10-17 04:45:00+02:00,96.22
2025-10-17 05:00:00+02:00,89.99
2025-10-17 05:15:00+02:00,90.13
2025-10-17 05:30:00+02:00,98.27
2025-10-17 05:45:00+02:00,99.65
2025-10-17 06:00:00+02:00,85.77
2025-10-17 06:15:00+02:00,95.93
2025-10-17 06:30:00+02:00,119.3
2025-10-17 06:45:00+02:00,130.64
2025-10-17 07:00:00+02:00,119.57
2025-10-17 07:15:00+02:00,117.78
2025-10-17 07:30:00+02:00,133.01
2025-10-17 07:45:00+02:00,147.58
2025-10-17 08:00:00+02:00,158.82
2025-10-17 08:15:00+02:00,159.99
2025-10-17 08:30:00+02:00,140.81
2025-10-17 08:45:00+02:00,119.72
2025-10-17 09:00:00+02:00,161.02
2025-10-17 09:15:00+02:00,133.0
2025-10-17 09:30:00+02:00,120.0
2025-10-17 09:45:00+02:00,102.06
2025-10-17 10:00:00+02:00,129.09
2025-10-17 10:15:00+02:00,123.62
2025-10-17 10:30:00+02:00,112.61
2025-10-17 10:45:00+02:00,103.4
2025-10-17 11:00:00+02:00,115.0
2025-10-17 11:15:00+02:00,103.56
2025-10-17 11:30:00+02:00,91.85
2025-10-17 11:45:00+02:00,85.74
2025-10-17 12:00:00+02:00,93.83
2025-10-17 12:15:00+02:00,87.92
2025-10-17 12:30:00+02:00,86.74
2025-10-17 12:45:00+02:00,84.07
2025-10-17 13:00:00+02:00,88.4
2025-10-17 13:15:00+02:00,87.41
2025-10-17 13:30:00+02:00,87.4
2025-10-17 13:45:00+02:00,83.66
2025-10-17 14:00:00+02:00,82.73
2025-10-17 14:15:00+02:00,87.09
2025-10-17 14:30:00+02:00,89.68
2025-10-17 14:45:00+02:00,91.72
2025-10-17 15:00:00+02:00,83.9
2025-10-17 15:15:00+02:00,87.4
2025-10-17 15:30:00+02:00,91.1
2025-10-17 15:45:00+02:00,92.17
2025-10-17 16:00:00+02:00,84.05
2025-10-17 16:15:00+02:00,87.32
2025-10-17 16:30:00+02:00,93.76
2025-10-17 16:45:00+02:00,114.87
2025-10-17 17:00:00+02:00,88.25
2025-10-17 17:15:00+02:00,108.23
2025-10-17 17:30:00+02:00,122.14
2025-10-17 17:45:00+02:00,150.05
2025-10-17 18:00:00+02:00,126.4
2025-10-17 18:15:00+02:00,129.32
2025-10-17 18:30:00+02:00,125.33
2025-10-17 18:45:00+02:00,136.19
2025-10-17 19:00:00+02:00,127.86
2025-10-17 19:15:00+02:00,129.54
2025-10-17 19:30:00+02:00,136.45
2025-10-17 19:45:00+02:00,128.91
2025-10-17 20:00:00+02:00,131.43
2025-10-17 20:15:00+02:00,111.15
2025-10-17 20:30:00+02:00,119.44
2025-10-17 20:45:00+02:00,105.93
2025-10-17 21:00:00+02:00,114.7
2025-10-17 21:15:00+02:00,101.44
2025-10-17 21:30:00+02:00,101.45
2025-10-17 21:45:00+02:00,98.63
2025-10-17 22:00:00+02:00,108.12
2025-10-17 22:15:00+02:00,102.81
2025-10-17 22:30:00+02:00,101.98
2025-10-17 22:45:00+02:00,95.82
2025-10-17 23:00:00+02:00,105.45
2025-10-17 23:15:00+02:00,95.3
2025-10-17 23:30:00+02:00,87.85
2025-10-17 23:45:00+02:00,81.39
2025-10-18 00:00:00+02:00,93.61
2025-10-18 00:15:00+02:00,103.62
2025-10-18 00:30:00+02:00,93.4
2025-10-18 00:45:00+02:00,87.83
2025-10-18 01:00:00+02:00,96.35
2025-10-18 01:15:00+02:00,89.71
2025-10-18 01:30:00+02:00,86.82
2025-10-18 01:45:00+02:00,86.56
2025-10-18 02:00:00+02:00,97.2
2025-10-18 02:15:00+02:00,89.8
2025-10-18 02:30:00+02:00,86.87
2025-10-18 02:45:00+02:00,85.38
2025-10-18 03:00:00+02:00,86.51
2025-10-18 03:15:00+02:00,86.83
2025-10-18 03:30:00+02:00,89.62
2025-10-18 03:45:00+02:00,90.38
2025-10-18 04:00:00+02:00,85.41
2025-10-18 04:15:00+02:00,86.07
2025-10-18 04:30:00+02:00,89.29
2025-10-18 04:45:00+02:00,92.63
2025-10-18 05:00:00+02:00,82.36
2025-10-18 05:15:00+02:00,85.06
2025-10-18 05:30:00+02:00,93.41
2025-10-18 05:45:00+02:00,92.43
2025-10-18 06:00:00+02:00,80.22
2025-10-18 06:15:00+02:00,85.4
2025-10-18 06:30:00+02:00,95.7
2025-10-18 06:45:00+02:00,106.5
2025-10-18 07:00:00+02:00,93.19
2025-10-18 07:15:00+02:00,108.74
2025-10-18 07:30:00+02:00,115.87
2025-10-18 07:45:00+02:00,120.09
2025-10-18 08:00:00+02:00,121.19
2025-10-18 08:15:00+02:00,117.52
2025-10-18 08:30:00+02:00,116.5
2025-10-18 08:45:00+02:00,102.97
2025-10-18 09:00:00+02:00,124.99
2025-10-18 09:15:00+02:00,115.67
2025-10-18 09:30:00+02:00,92.87
2025-10-18 09:45:00+02:00,75.44
2025-10-18 10:00:00+02:00,114.91
2025-10-18 10:15:00+02:00,91.69
2025-10-18 10:30:00+02:00,82.88
2025-10-18 10:45:00+02:00,76.39
2025-10-18 11:00:00+02:00,87.99
2025-10-18 11:15:00+02:00,82.61
2025-10-18 11:30:00+02:00,79.79
2025-10-18 11:45:00+02:00,72.76
2025-10-18 12:00:00+02:00,78.44
2025-10-18 12:15:00+02:00,75.85
2025-10-18 12:30:00+02:00,73.78
2025-10-18 12:45:00+02:00,67.69
2025-10-18 13:00:00+02:00,68.67
2025-10-18 13:15:00+02:00,65.6
2025-10-18 13:30:00+02:00,67.53
2025-10-18 13:45:00+02:00,68.33
2025-10-18 14:00:00+02:00,64.41
2025-10-18 14:15:00+02:00,70.4
2025-10-18 14:30:00+02:00,75.14
2025-10-18 14:45:00+02:00,79.24
2025-10-18 15:00:00+02:00,71.22
2025-10-18 15:15:00+02:00,78.41
2025-10-18 15:30:00+02:00,86.27
2025-10-18 15:45:00+02:00,98.1
2025-10-18 16:00:00+02:00,66.9
2025-10-18 16:15:00+02:00,84.65
2025-10-18 16:30:00+02:00,106.15
2025-10-18 16:45:00+02:00,128.5
2025-10-18 17:00:00+02:00,87.28
2025-10-18 17:15:00+02:00,110.94
2025-10-18 17:30:00+02:00,122.23
2025-10-18 17:45:00+02:00,162.11
2025-10-18 18:00:00+02:00,126.18
2025-10-18 18:15:00+02:00,132.02
2025-10-18 18:30:00+02:00,138.52
2025-10-18 18:45:00+02:00,136.22
2025-10-18 19:00:00+02:00,138.39
2025-10-18 19:15:00+02:00,127.22
2025-10-18 19:30:00+02:00,118.06
2025-10-18 19:45:00+02:00,115.62
2025-10-18 20:00:00+02:00,133.0
2025-10-18 20:15:00+02:00,115.38
2025-10-18 20:30:00+02:00,105.98
2025-10-18 20:45:00+02:00,97.62
2025-10-18 21:00:00+02:00,99.16
2025-10-18 21:15:00+02:00,97.02
2025-10-18 21:30:00+02:00,89.14
2025-10-18 21:45:00+02:00,84.89
2025-10-18 22:00:00+02:00,104.16
2025-10-18 22:15:00+02:00,95.86
2025-10-18 22:30:00+02:00,96.88
2025-10-18 22:45:00+02:00,85.41
2025-10-18 23:00:00+02:00,105.87
2025-10-18 23:15:00+02:00,96.35
2025-10-18 23:30:00+02:00,89.31
2025-10-18 23:45:00+02:00,85.89
2025-10-19 00:00:00+02:00,103.22
2025-10-19 00:15:00+02:00,92.0
2025-10-19 00:30:00+02:00,87.58
2025-10-19 00:45:00+02:00,86.57
2025-10-19 01:00:00+02:00,95.65
2025-10-19 01:15:00+02:00,89.43
2025-10-19 01:30:00+02:00,84.92
2025-10-19 01:45:00+02:00,80.34
2025-10-19 02:00:00+02:00,86.43
2025-10-19 02:15:00+02:00,81.5
2025-10-19 02:30:00+02:00,81.72
2025-10-19 02:45:00+02:00,79.52
2025-10-19 03:00:00+02:00,83.07
2025-10-19 03:15:00+02:00,80.58
2025-10-19 03:30:00+02:00,81.52
2025-10-19 03:45:00+02:00,83.39
2025-10-19 04:00:00+02:00,83.59
2025-10-19 04:15:00+02:00,82.35
2025-10-19 04:30:00+02:00,84.09
2025-10-19 04:45:00+02:00,82.82
2025-10-19 05:00:00+02:00,82.37
2025-10-19 05:15:00+02:00,81.29
2025-10-19 05:30:00+02:00,85.62
2025-10-19 05:45:00+02:00,84.71
2025-10-19 06:00:00+02:00,82.5
2025-10-19 06:15:00+02:00,82.34
2025-10-19 06:30:00+02:00,85.14
2025-10-19 06:45:00+02:00,91.02
2025-10-19 07:00:00+02:00,85.55
2025-10-19 07:15:00+02:00,87.77
2025-10-19 07:30:00+02:00,83.49
2025-10-19 07:45:00+02:00,84.21
2025-10-19 08:00:00+02:00,98.73
2025-10-19 08:15:00+02:00,95.56
2025-10-19 08:30:00+02:00,81.87
2025-10-19 08:45:00+02:00,72.47
2025-10-19 09:00:00+02:00,96.86
2025-10-19 09:15:00+02:00,82.82
2025-10-19 09:30:00+02:00,74.43
2025-10-19 09:45:00+02:00,59.62
2025-10-19 10:00:00+02:00,81.51
2025-10-19 10:15:00+02:00,69.96
2025-10-19 10:30:00+02:00,67.72
2025-10-19 10:45:00+02:00,59.36
2025-10-19 11:00:00+02:00,74.05
2025-10-19 11:15:00+02:00,66.2
2025-10-19 11:30:00+02:00,60.03
2025-10-19 11:45:00+02:00,40.92
2025-10-19 12:00:00+02:00,54.36
2025-10-19 12:15:00+02:00,40.05
2025-10-19 12:30:00+02:00,28.0
2025-10-19 12:45:00+02:00,15.86
2025-10-19 13:00:00+02:00,24.08
2025-10-19 13:15:00+02:00,21.25
2025-10-19 13:30:00+02:00,19.78
2025-10-19 13:45:00+02:00,16.07
2025-10-19 14:00:00+02:00,11.68
2025-10-19 14:15:00+02:00,22.67
2025-10-19 14:30:00+02:00,44.71
2025-10-19 14:45:00+02:00,65.81
2025-10-19 15:00:00+02:00,40.06
2025-10-19 15:15:00+02:00,68.89
2025-10-19 15:30:00+02:00,73.1
2025-10-19 15:45:00+02:00,85.04
2025-10-19 16:00:00+02:00,59.06
2025-10-19 16:15:00+02:00,79.39
2025-10-19 16:30:00+02:00,100.59
2025-10-19 16:45:00+02:00,120.68
2025-10-19 17:00:00+02:00,86.07
2025-10-19 17:15:00+02:00,100.01
2025-10-19 17:30:00+02:00,113.61
2025-10-19 17:45:00+02:00,124.6
2025-10-19 18:00:00+02:00,121.05
2025-10-19 18:15:00+02:00,118.14
2025-10-19 18:30:00+02:00,99.57
2025-10-19 18:45:00+02:00,91.99
2025-10-19 19:00:00+02:00,102.07
2025-10-19 19:15:00+02:00,87.49
2025-10-19 19:30:00+02:00,83.0
2025-10-19 19:45:00+02:00,69.92
2025-10-19 20:00:00+02:00,87.08
2025-10-19 20:15:00+02:00,72.06
2025-10-19 20:30:00+02:00,73.99
2025-10-19 20:45:00+02:00,68.88
2025-10-19 21:00:00+02:00,86.81
2025-10-19 21:15:00+02:00,71.66
2025-10-19 21:30:00+02:00,69.48
2025-10-19 21:45:00+02:00,64.65
2025-10-19 22:00:00+02:00,95.0
2025-10-19 22:15:00+02:00,77.96
2025-10-19 22:30:00+02:00,68.75
2025-10-19 22:45:00+02:00,57.26
2025-10-19 23:00:00+02:00,71.43
2025-10-19 23:15:00+02:00,58.78
2025-10-19 23:30:00+02:00,59.53
2025-10-19 23:45:00+02:00,53.68
2025-10-20 00:00:00+02:00,82.95
2025-10-20 00:15:00+02:00,69.03
2025-10-20 00:30:00+02:00,70.04
2025-10-20 00:45:00+02:00,58.13
2025-10-20 01:00:00+02:00,70.3
2025-10-20 01:15:00+02:00,66.48
2025-10-20 01:30:00+02:00,60.52
2025-10-20 01:45:00+02:00,58.6
2025-10-20 02:00:00+02:00,66.31
2025-10-20 02:15:00+02:00,60.07
2025-10-20 02:30:00+02:00,59.89
2025-10-20 02:45:00+02:00,57.65
2025-10-20 03:00:00+02:00,61.87
2025-10-20 03:15:00+02:00,59.37
2025-10-20 03:30:00+02:00,58.65
2025-10-20 03:45:00+02:00,60.12
2025-10-20 04:00:00+02:00,55.86
2025-10-20 04:15:00+02:00,58.61
2025-10-20 04:30:00+02:00,59.02
2025-10-20 04:45:00+02:00,68.92
2025-10-20 05:00:00+02:00,57.19
2025-10-20 05:15:00+02:00,75.29
2025-10-20 05:30:00+02:00,80.53
2025-10-20 05:45:00+02:00,86.23
2025-10-20 06:00:00+02:00,55.14
2025-10-20 06:15:00+02:00,86.43
2025-10-20 06:30:00+02:00,88.68
2025-10-20 06:45:00+02:00,74.76
2025-10-20 07:00:00+02:00,79.96
2025-10-20 07:15:00+02:00,85.34
2025-10-20 07:30:00+02:00,94.69
2025-10-20 07:45:00+02:00,107.48
2025-10-20 08:00:00+02:00,150.53
2025-10-20 08:15:00+02:00,138.82
2025-10-20 08:30:00+02:00,115.82
2025-10-20 08:45:00+02:00,95.22
2025-10-20 09:00:00+02:00,117.97
2025-10-20 09:15:00+02:00,101.76
2025-10-20 09:30:00+02:00,78.04
2025-10-20 09:45:00+02:00,70.97
2025-10-20 10:00:00+02:00,86.4
2025-10-20 10:15:00+02:00,77.35
2025-10-20 10:30:00+02:00,66.47
2025-10-20 10:45:00+02:00,62.38
2025-10-20 11:00:00+02:00,77.19
2025-10-20 11:15:00+02:00,70.31
2025-10-20 11:30:00+02:00,69.92
2025-10-20 11:45:00+02:00,62.32
2025-10-20 12:00:00+02:00,62.63
2025-10-20 12:15:00+02:00,60.09
2025-10-20 12:30:00+02:00,57.95
2025-10-20 12:45:00+02:00,60.48
2025-10-20 13:00:00+02:00,60.18
2025-10-20 13:15:00+02:00,61.91
2025-10-20 13:30:00+02:00,68.66
2025-10-20 13:45:00+02:00,70.34
2025-10-20 14:00:00+02:00,65.71
2025-10-20 14:15:00+02:00,72.04
2025-10-20 14:30:00+02:00,75.68
2025-10-20 14:45:00+02:00,90.91
2025-10-20 15:00:00+02:00,74.77
2025-10-20 15:15:00+02:00,85.39
2025-10-20 15:30:00+02:00,106.98
2025-10-20 15:45:00+02:00,121.42
2025-10-20 16:00:00+02:00,86.63
2025-10-20 16:15:00+02:00,105.01
2025-10-20 16:30:00+02:00,130.11
2025-10-20 16:45:00+02:00,156.29
2025-10-20 17:00:00+02:00,108.95
2025-10-20 17:15:00+02:00,130.19
2025-10-20 17:30:00+02:00,138.29
2025-10-20 17:45:00+02:00,147.06
2025-10-20 18:00:00+02:00,130.04
2025-10-20 18:15:00+02:00,130.48
2025-10-20 18:30:00+02:00,128.39
2025-10-20 18:45:00+02:00,111.45
2025-10-20 19:00:00+02:00,127.0
2025-10-20 19:15:00+02:00,105.96
2025-10-20 19:30:00+02:00,94.84
2025-10-20 19:45:00+02:00,84.2
2025-10-20 20:00:00+02:00,105.09
2025-10-20 20:15:00+02:00,80.51
2025-10-20 20:30:00+02:00,72.23
2025-10-20 20:45:00+02:00,71.33
2025-10-20 21:00:00+02:00,86.28
2025-10-20 21:15:00+02:00,95.07
2025-10-20 21:30:00+02:00,69.32
2025-10-20 21:45:00+02:00,54.34
2025-10-20 22:00:00+02:00,86.37
2025-10-20 22:15:00+02:00,72.68
2025-10-20 22:30:00+02:00,62.62
2025-10-20 22:45:00+02:00,51.84
2025-10-20 23:00:00+02:00,53.35
2025-10-20 23:15:00+02:00,56.81
2025-10-20 23:30:00+02:00,54.2
2025-10-20 23:45:00+02:00,39.64
2025-10-22 00:00:00+02:00,92.09
2025-10-22 00:15:00+02:00,91.64
2025-10-22 00:30:00+02:00,84.94
2025-10-22 00:45:00+02:00,82.68
2025-10-22 01:00:00+02:00,88.87
2025-10-22 01:15:00+02:00,88.38
2025-10-22 01:30:00+02:00,88.1
2025-10-22 01:45:00+02:00,84.62
2025-10-22 02:00:00+02:00,83.63
2025-10-22 02:15:00+02:00,83.62
2025-10-22 02:30:00+02:00,86.63
2025-10-22 02:45:00+02:00,87.74
2025-10-22 03:00:00+02:00,89.28
2025-10-22 03:15:00+02:00,90.26
2025-10-22 03:30:00+02:00,90.56
2025-10-22 03:45:00+02:00,87.29
2025-10-22 04:00:00+02:00,85.31
2025-10-22 04:15:00+02:00,87.73
2025-10-22 04:30:00+02:00,92.15
2025-10-22 04:45:00+02:00,92.82
2025-10-22 05:00:00+02:00,81.24
2025-10-22 05:15:00+02:00,86.8
2025-10-22 05:30:00+02:00,95.34
2025-10-22 05:45:00+02:00,97.32
2025-10-22 06:00:00+02:00,91.65
2025-10-22 06:15:00+02:00,96.25
2025-10-22 06:30:00+02:00,96.62
2025-10-22 06:45:00+02:00,113.05
2025-10-22 07:00:00+02:00,97.01
2025-10-22 07:15:00+02:00,100.07
2025-10-22 07:30:00+02:00,98.56
2025-10-22 07:45:00+02:00,105.09
2025-10-22 08:00:00+02:00,94.19
2025-10-22 08:15:00+02:00,123.0
2025-10-22 08:30:00+02:00,128.13
2025-10-22 08:45:00+02:00,109.71
2025-10-22 09:00:00+02:00,148.0
2025-10-22 09:15:00+02:00,138.53
2025-10-22 09:30:00+02:00,115.64
2025-10-22 09:45:00+02:00,100.7
2025-10-22 10:00:00+02:00,130.54
2025-10-22 10:15:00+02:00,105.99
2025-10-22 10:30:00+02:00,96.57
2025-10-22 10:45:00+02:00,89.81
2025-10-22 11:00:00+02:00,98.4
2025-10-22 11:15:00+02:00,94.88
2025-10-22 11:30:00+02:00,89.62
2025-10-22 11:45:00+02:00,81.96
2025-10-22 12:00:00+02:00,94.43
2025-10-22 12:15:00+02:00,83.83
2025-10-22 12:30:00+02:00,84.54
2025-10-22 12:45:00+02:00,85.6
2025-10-22 13:00:00+02:00,92.73
2025-10-22 13:15:00+02:00,87.8
2025-10-22 13:30:00+02:00,83.76
2025-10-22 13:45:00+02:00,79.71
2025-10-22 14:00:00+02:00,80.78
2025-10-22 14:15:00+02:00,92.17
2025-10-22 14:30:00+02:00,95.87
2025-10-22 14:45:00+02:00,105.02
2025-10-22 15:00:00+02:00,83.4
2025-10-22 15:15:00+02:00,98.77
2025-10-22 15:30:00+02:00,123.0
2025-10-22 15:45:00+02:00,137.45
2025-10-22 16:00:00+02:00,80.16
2025-10-22 16:15:00+02:00,108.09
2025-10-22 16:30:00+02:00,144.23
2025-10-22 16:45:00+02:00,207.52
2025-10-22 17:00:00+02:00,132.71
2025-10-22 17:15:00+02:00,161.82
2025-10-22 17:30:00+02:00,220.03
2025-10-22 17:45:00+02:00,277.65
2025-10-22 18:00:00+02:00,221.88
2025-10-22 18:15:00+02:00,270.09
2025-10-22 18:30:00+02:00,340.7
2025-10-22 18:45:00+02:00,353.26
2025-10-22 19:00:00+02:00,330.32
2025-10-22 19:15:00+02:00,305.02
2025-10-22 19:30:00+02:00,258.34
2025-10-22 19:45:00+02:00,225.36
2025-10-22 20:00:00+02:00,259.2
2025-10-22 20:15:00+02:00,194.85
2025-10-22 20:30:00+02:00,150.57
2025-10-22 20:45:00+02:00,136.62
2025-10-22 21:00:00+02:00,175.97
2025-10-22 21:15:00+02:00,139.36
2025-10-22 21:30:00+02:00,117.86
2025-10-22 21:45:00+02:00,102.6
2025-10-22 22:00:00+02:00,141.33
2025-10-22 22:15:00+02:00,127.01
2025-10-22 22:30:00+02:00,113.63
2025-10-22 22:45:00+02:00,106.29
2025-10-22 23:00:00+02:00,114.5
2025-10-22 23:15:00+02:00,111.36
2025-10-22 23:30:00+02:00,107.41
2025-10-22 23:45:00+02:00,99.1
2025-10-23 00:00:00+02:00,110.17
2025-10-23 00:15:00+02:00,105.55
2025-10-23 00:30:00+02:00,97.2
2025-10-23 00:45:00+02:00,92.58
2025-10-23 01:00:00+02:00,106.1
2025-10-23 01:15:00+02:00,103.85
2025-10-23 01:30:00+02:00,94.45
2025-10-23 01:45:00+02:00,90.58
2025-10-23 02:00:00+02:00,107.08
2025-10-23 02:15:00+02:00,98.4
2025-10-23 02:30:00+02:00,89.07
2025-10-23 02:45:00+02:00,85.72
2025-10-23 03:00:00+02:00,93.18
2025-10-23 03:15:00+02:00,87.13
2025-10-23 03:30:00+02:00,74.38
2025-10-23 03:45:00+02:00,65.0
2025-10-23 04:00:00+02:00,75.27
2025-10-23 04:15:00+02:00,70.77
2025-10-23 04:30:00+02:00,69.81
2025-10-23 04:45:00+02:00,68.14
2025-10-23 05:00:00+02:00,67.31
2025-10-23 05:15:00+02:00,67.31
2025-10-23 05:30:00+02:00,67.55
2025-10-23 05:45:00+02:00,67.91
2025-10-23 06:00:00+02:00,64.54
2025-10-23 06:15:00+02:00,74.02
2025-10-23 06:30:00+02:00,72.08
2025-10-23 06:45:00+02:00,78.36
2025-10-23 07:00:00+02:00,78.97
2025-10-23 07:15:00+02:00,84.38
2025-10-23 07:30:00+02:00,86.89
2025-10-23 07:45:00+02:00,78.89
2025-10-23 08:00:00+02:00,100.1
2025-10-23 08:15:00+02:00,100.01
2025-10-23 08:30:00+02:00,85.01
2025-10-23 08:45:00+02:00,74.88
2025-10-23 09:00:00+02:00,91.98
2025-10-23 09:15:00+02:00,87.53
2025-10-23 09:30:00+02:00,82.98
2025-10-23 09:45:00+02:00,69.58
2025-10-23 10:00:00+02:00,95.34
2025-10-23 10:15:00+02:00,84.9
2025-10-23 10:30:00+02:00,72.65
2025-10-23 10:45:00+02:00,65.92
2025-10-23 11:00:00+02:00,73.08
2025-10-23 11:15:00+02:00,70.28
2025-10-23 11:30:00+02:00,68.38
2025-10-23 11:45:00+02:00,66.66
2025-10-23 12:00:00+02:00,68.05
2025-10-23 12:15:00+02:00,66.12
2025-10-23 12:30:00+02:00,65.68
2025-10-23 12:45:00+02:00,64.54
2025-10-23 13:00:00+02:00,65.93
2025-10-23 13:15:00+02:00,63.99
2025-10-23 13:30:00+02:00,63.56
2025-10-23 13:45:00+02:00,62.94
2025-10-23 14:00:00+02:00,58.78
2025-10-23 14:15:00+02:00,63.02
2025-10-23 14:30:00+02:00,65.04
2025-10-23 14:45:00+02:00,67.3
2025-10-23 15:00:00+02:00,64.56
2025-10-23 15:15:00+02:00,68.73
2025-10-23 15:30:00+02:00,80.7
2025-10-23 15:45:00+02:00,88.43
2025-10-23 16:00:00+02:00,70.79
2025-10-23 16:15:00+02:00,76.45
2025-10-23 16:30:00+02:00,95.0
2025-10-23 16:45:00+02:00,99.75
2025-10-23 17:00:00+02:00,79.15
2025-10-23 17:15:00+02:00,98.92
2025-10-23 17:30:00+02:00,105.94
2025-10-23 17:45:00+02:00,108.46
2025-10-23 18:00:00+02:00,106.94
2025-10-23 18:15:00+02:00,114.54
2025-10-23 18:30:00+02:00,126.89
2025-10-23 18:45:00+02:00,111.35
2025-10-23 19:00:00+02:00,129.17
2025-10-23 19:15:00+02:00,109.06
2025-10-23 19:30:00+02:00,100.95
2025-10-23 19:45:00+02:00,92.47
2025-10-23 20:00:00+02:00,97.0
2025-10-23 20:15:00+02:00,89.49
2025-10-23 20:30:00+02:00,86.85
2025-10-23 20:45:00+02:00,77.51
2025-10-23 21:00:00+02:00,92.31
2025-10-23 21:15:00+02:00,85.56
2025-10-23 21:30:00+02:00,79.64
2025-10-23 21:45:00+02:00,73.74
2025-10-23 22:00:00+02:00,97.98
2025-10-23 22:15:00+02:00,76.69
2025-10-23 22:30:00+02:00,73.36
2025-10-23 22:45:00+02:00,62.59
2025-10-23 23:00:00+02:00,68.34
2025-10-23 23:15:00+02:00,61.36
2025-10-23 23:30:00+02:00,58.83
2025-10-23 23:45:00+02:00,51.78
2025-10-24 00:00:00+02:00,15.96
2025-10-24 00:15:00+02:00,19.4
2025-10-24 00:30:00+02:00,12.93
2025-10-24 00:45:00+02:00,9.05
2025-10-24 01:00:00+02:00,13.98
2025-10-24 01:15:00+02:00,10.02
2025-10-24 01:30:00+02:00,8.99
2025-10-24 01:45:00+02:00,6.35
2025-10-24 02:00:00+02:00,10.03
2025-10-24 02:15:00+02:00,6.88
2025-10-24 02:30:00+02:00,5.06
2025-10-24 02:45:00+02:00,4.13
2025-10-24 03:00:00+02:00,3.8
2025-10-24 03:15:00+02:00,0.1
2025-10-24 03:30:00+02:00,0.1
2025-10-24 03:45:00+02:00,0.1
2025-10-24 04:00:00+02:00,2.52
2025-10-24 04:15:00+02:00,1.34
2025-10-24 04:30:00+02:00,2.33
2025-10-24 04:45:00+02:00,2.57
2025-10-24 05:00:00+02:00,4.13
2025-10-24 05:15:00+02:00,4.66
2025-10-24 05:30:00+02:00,7.35
2025-10-24 05:45:00+02:00,13.96
2025-10-24 06:00:00+02:00,7.31
2025-10-24 06:15:00+02:00,17.08
2025-10-24 06:30:00+02:00,28.18
2025-10-24 06:45:00+02:00,40.54
2025-10-24 07:00:00+02:00,50.6
2025-10-24 07:15:00+02:00,58.61
2025-10-24 07:30:00+02:00,72.7
2025-10-24 07:45:00+02:00,78.03
2025-10-24 08:00:00+02:00,85.7
2025-10-24 08:15:00+02:00,88.96
2025-10-24 08:30:00+02:00,85.87
2025-10-24 08:45:00+02:00,78.95
2025-10-24 09:00:00+02:00,88.37
2025-10-24 09:15:00+02:00,81.15
2025-10-24 09:30:00+02:00,71.86
2025-10-24 09:45:00+02:00,64.81
2025-10-24 10:00:00+02:00,75.8
2025-10-24 10:15:00+02:00,63.27
2025-10-24 10:30:00+02:00,52.97
2025-10-24 10:45:00+02:00,41.17
2025-10-24 11:00:00+02:00,56.08
2025-10-24 11:15:00+02:00,44.28
2025-10-24 11:30:00+02:00,26.58
2025-10-24 11:45:00+02:00,5.06
2025-10-24 12:00:00+02:00,5.02
2025-10-24 12:15:00+02:00,0.0
2025-10-24 12:30:00+02:00,0.0
2025-10-24 12:45:00+02:00,-0.01
2025-10-24 13:00:00+02:00,0.0
2025-10-24 13:15:00+02:00,-0.01
2025-10-24 13:30:00+02:00,-0.01
2025-10-24 13:45:00+02:00,-0.02
2025-10-24 14:00:00+02:00,-0.02
2025-10-24 14:15:00+02:00,-0.01
2025-10-24 14:30:00+02:00,-0.01
2025-10-24 14:45:00+02:00,0.0
2025-10-24 15:00:00+02:00,-0.01
2025-10-24 15:15:00+02:00,0.0
2025-10-24 15:30:00+02:00,2.24
2025-10-24 15:45:00+02:00,5.01
2025-10-24 16:00:00+02:00,5.03
2025-10-24 16:15:00+02:00,26.67
2025-10-24 16:30:00+02:00,50.22
2025-10-24 16:45:00+02:00,67.36
2025-10-24 17:00:00+02:00,49.82
2025-10-24 17:15:00+02:00,62.25
2025-10-24 17:30:00+02:00,70.18
2025-10-24 17:45:00+02:00,82.79
2025-10-24 18:00:00+02:00,68.51
2025-10-24 18:15:00+02:00,70.88
2025-10-24 18:30:00+02:00,78.44
2025-10-24 18:45:00+02:00,80.61
2025-10-24 19:00:00+02:00,85.15
2025-10-24 19:15:00+02:00,72.73
2025-10-24 19:30:00+02:00,70.56
2025-10-24 19:45:00+02:00,70.01
2025-10-24 20:00:00+02:00,70.01
2025-10-24 20:15:00+02:00,62.38
2025-10-24 20:30:00+02:00,49.01
2025-10-24 20:45:00+02:00,46.8
2025-10-24 21:00:00+02:00,60.52
2025-10-24 21:15:00+02:00,51.5
2025-10-24 21:30:00+02:00,36.69
2025-10-24 21:45:00+02:00,17.32
2025-10-24 22:00:00+02:00,36.41
2025-10-24 22:15:00+02:00,28.45
2025-10-24 22:30:00+02:00,30.82
2025-10-24 22:45:00+02:00,20.01
2025-10-24 23:00:00+02:00,23.19
2025-10-24 23:15:00+02:00,7.52
2025-10-24 23:30:00+02:00,5.27
2025-10-24 23:45:00+02:00,3.89
2025-10-25 00:00:00+02:00,3.26
2025-10-25 00:15:00+02:00,4.21
2025-10-25 00:30:00+02:00,3.84
2025-10-25 00:45:00+02:00,2.79
2025-10-25 01:00:00+02:00,2.34
2025-10-25 01:15:00+02:00,2.11
2025-10-25 01:30:00+02:00,0.78
2025-10-25 01:45:00+02:00,0.05
2025-10-25 02:00:00+02:00,2.28
2025-10-25 02:15:00+02:00,1.32
2025-10-25 02:30:00+02:00,0.1
2025-10-25 02:45:00+02:00,0.0
2025-10-25 03:00:00+02:00,0.0
2025-10-25 03:15:00+02:00,0.0
2025-10-25 03:30:00+02:00,0.0
2025-10-25 03:45:00+02:00,-0.01
2025-10-25 04:00:00+02:00,-0.01
2025-10-25 04:15:00+02:00,-0.01
2025-10-25 04:30:00+02:00,0.0
2025-10-25 04:45:00+02:00,-0.01
2025-10-25 05:00:00+02:00,0.0
2025-10-25 05:15:00+02:00,0.0
2025-10-25 05:30:00+02:00,0.37
2025-10-25 05:45:00+02:00,0.29
2025-10-25 06:00:00+02:00,-0.01
2025-10-25 06:15:00+02:00,0.0
2025-10-25 06:30:00+02:00,0.52
2025-10-25 06:45:00+02:00,1.58
2025-10-25 07:00:00+02:00,1.6
2025-10-25 07:15:00+02:00,1.93
2025-10-25 07:30:00+02:00,0.45
2025-10-25 07:45:00+02:00,-0.02
2025-10-25 08:00:00+02:00,3.87
2025-10-25 08:15:00+02:00,3.23
2025-10-25 08:30:00+02:00,4.24
2025-10-25 08:45:00+02:00,4.64
2025-10-25 09:00:00+02:00,8.46
2025-10-25 09:15:00+02:00,7.32
2025-10-25 09:30:00+02:00,7.08
2025-10-25 09:45:00+02:00,7.47
2025-10-25 10:00:00+02:00,7.79
2025-10-25 10:15:00+02:00,7.45
2025-10-25 10:30:00+02:00,6.24
2025-10-25 10:45:00+02:00,5.43
2025-10-25 11:00:00+02:00,5.45
2025-10-25 11:15:00+02:00,3.58
2025-10-25 11:30:00+02:00,5.05
2025-10-25 11:45:00+02:00,4.98
2025-10-25 12:00:00+02:00,5.03
2025-10-25 12:15:00+02:00,5.87
2025-10-25 12:30:00+02:00,7.48
2025-10-25 12:45:00+02:00,6.0
2025-10-25 13:00:00+02:00,5.09
2025-10-25 13:15:00+02:00,4.07
2025-10-25 13:30:00+02:00,3.77
2025-10-25 13:45:00+02:00,4.55
2025-10-25 14:00:00+02:00,1.62
2025-10-25 14:15:00+02:00,2.5
2025-10-25 14:30:00+02:00,5.04
2025-10-25 14:45:00+02:00,6.96
2025-10-25 15:00:00+02:00,1.39
2025-10-25 15:15:00+02:00,4.96
2025-10-25 15:30:00+02:00,5.06
2025-10-25 15:45:00+02:00,4.37
2025-10-25 16:00:00+02:00,3.88
2025-10-25 16:15:00+02:00,5.05
2025-10-25 16:30:00+02:00,4.46
2025-10-25 16:45:00+02:00,8.84
2025-10-25 17:00:00+02:00,10.09
2025-10-25 17:15:00+02:00,23.77
2025-10-25 17:30:00+02:00,31.55
2025-10-25 17:45:00+02:00,35.82
2025-10-25 18:00:00+02:00,48.75
2025-10-25 18:15:00+02:00,52.25
2025-10-25 18:30:00+02:00,60.0
2025-10-25 18:45:00+02:00,60.01
2025-10-25 19:00:00+02:00,66.19
2025-10-25 19:15:00+02:00,64.41
2025-10-25 19:30:00+02:00,60.0
2025-10-25 19:45:00+02:00,54.46
2025-10-25 20:00:00+02:00,58.09
2025-10-25 20:15:00+02:00,39.16
2025-10-25 20:30:00+02:00,30.87
2025-10-25 20:45:00+02:00,7.86
2025-10-25 21:00:00+02:00,32.53
2025-10-25 21:15:00+02:00,16.06
2025-10-25 21:30:00+02:00,5.07
2025-10-25 21:45:00+02:00,2.77
2025-10-25 22:00:00+02:00,21.83
2025-10-25 22:15:00+02:00,13.02
2025-10-25 22:30:00+02:00,17.65
2025-10-25 22:45:00+02:00,14.23
2025-10-25 23:00:00+02:00,13.2
2025-10-25 23:15:00+02:00,8.18
2025-10-25 23:30:00+02:00,7.01
2025-10-25 23:45:00+02:00,4.29
2025-10-26 00:00:00+02:00,7.17
2025-10-26 00:15:00+02:00,6.57
2025-10-26 00:30:00+02:00,4.29
2025-10-26 00:45:00+02:00,4.26
2025-10-26 01:00:00+02:00,4.01
2025-10-26 01:15:00+02:00,3.76
2025-10-26 01:30:00+02:00,3.75
2025-10-26 01:45:00+02:00,3.27
2025-10-26 02:00:00+02:00,3.99
2025-10-26 02:15:00+02:00,3.33
2025-10-26 02:30:00+02:00,3.04
2025-10-26 02:45:00+02:00,2.4
2025-10-26 02:00:00+01:00,2.89
2025-10-26 02:15:00+01:00,2.5
2025-10-26 02:30:00+01:00,2.12
2025-10-26 02:45:00+01:00,0.55
2025-10-26 03:00:00+01:00,1.23
2025-10-26 03:15:00+01:00,0.04
2025-10-26 03:30:00+01:00,0.1
2025-10-26 03:45:00+01:00,0.0
2025-10-26 04:00:00+01:00,0.2
2025-10-26 04:15:00+01:00,0.1
2025-10-26 04:30:00+01:00,0.1
2025-10-26 04:45:00+01:00,0.01
2025-10-26 05:00:00+01:00,0.12
2025-10-26 05:15:00+01:00,0.1
2025-10-26 05:30:00+01:00,0.1
2025-10-26 05:45:00+01:00,0.1
2025-10-26 06:00:00+01:00,0.0
2025-10-26 06:15:00+01:00,0.03
2025-10-26 06:30:00+01:00,0.3
2025-10-26 06:45:00+01:00,0.1
2025-10-26 07:00:00+01:00,0.32
2025-10-26 07:15:00+01:00,0.1
2025-10-26 07:30:00+01:00,0.0
2025-10-26 07:45:00+01:00,-0.01
2025-10-26 08:00:00+01:00,0.01
2025-10-26 08:15:00+01:00,0.0
2025-10-26 08:30:00+01:00,-0.01
2025-10-26 08:45:00+01:00,-0.04
2025-10-26 09:00:00+01:00,-0.04
2025-10-26 09:15:00+01:00,-0.07
2025-10-26 09:30:00+01:00,-0.09
2025-10-26 09:45:00+01:00,-1.05
2025-10-26 10:00:00+01:00,-0.07
2025-10-26 10:15:00+01:00,-0.07
2025-10-26 10:30:00+01:00,-0.06
2025-10-26 10:45:00+01:00,-0.06
2025-10-26 11:00:00+01:00,-0.09
2025-10-26 11:15:00+01:00,-0.08
2025-10-26 11:30:00+01:00,-0.07
2025-10-26 11:45:00+01:00,-0.08
2025-10-26 12:00:00+01:00,-0.08
2025-10-26 12:15:00+01:00,-0.07
2025-10-26 12:30:00+01:00,-0.05
2025-10-26 12:45:00+01:00,-0.06
2025-10-26 13:00:00+01:00,-0.06
2025-10-26 13:15:00+01:00,-0.07
2025-10-26 13:30:00+01:00,-1.0
2025-10-26 13:45:00+01:00,-1.05
2025-10-26 14:00:00+01:00,-0.32
2025-10-26 14:15:00+01:00,-1.03
2025-10-26 14:30:00+01:00,-1.04
2025-10-26 14:45:00+01:00,-0.54
2025-10-26 15:00:00+01:00,-1.02
2025-10-26 15:15:00+01:00,-0.07
2025-10-26 15:30:00+01:00,0.0
2025-10-26 15:45:00+01:00,1.05
2025-10-26 16:00:00+01:00,-0.04
2025-10-26 16:15:00+01:00,0.1
2025-10-26 16:30:00+01:00,0.0
2025-10-26 16:45:00+01:00,12.09
2025-10-26 17:00:00+01:00,3.83
2025-10-26 17:15:00+01:00,27.51
2025-10-26 17:30:00+01:00,42.19
2025-10-26 17:45:00+01:00,46.48
2025-10-26 18:00:00+01:00,47.82
2025-10-26 18:15:00+01:00,43.86
2025-10-26 18:30:00+01:00,49.34
2025-10-26 18:45:00+01:00,27.07
2025-10-26 19:00:00+01:00,41.4
2025-10-26 19:15:00+01:00,39.7
2025-10-26 19:30:00+01:00,30.0
2025-10-26 19:45:00+01:00,27.82
2025-10-26 20:00:00+01:00,43.49
2025-10-26 20:15:00+01:00,17.91
2025-10-26 20:30:00+01:00,2.57
2025-10-26 20:45:00+01:00,2.6
2025-10-26 21:00:00+01:00,3.88
2025-10-26 21:15:00+01:00,2.66
2025-10-26 21:30:00+01:00,3.17
2025-10-26 21:45:00+01:00,2.55
2025-10-26 22:00:00+01:00,14.06
2025-10-26 22:15:00+01:00,11.43
2025-10-26 22:30:00+01:00,22.63
2025-10-26 22:45:00+01:00,11.51
2025-10-26 23:00:00+01:00,2.56
2025-10-26 23:15:00+01:00,9.13
2025-10-26 23:30:00+01:00,5.39
2025-10-26 23:45:00+01:00,3.16
2025-10-27 00:00:00+01:00,2.82
2025-10-27 00:15:00+01:00,2.55
2025-10-27 00:30:00+01:00,0.0
2025-10-27 00:45:00+01:00,0.0
2025-10-27 01:00:00+01:00,2.83
2025-10-27 01:15:00+01:00,2.49
2025-10-27 01:30:00+01:00,1.19
2025-10-27 01:45:00+01:00,0.79
2025-10-27 02:00:00+01:00,2.81
2025-10-27 02:15:00+01:00,1.38
2025-10-27 02:30:00+01:00,0.72
2025-10-27 02:45:00+01:00,0.09
2025-10-27 03:00:00+01:00,0.0
2025-10-27 03:15:00+01:00,0.0
2025-10-27 03:30:00+01:00,0.0
2025-10-27 03:45:00+01:00,-0.01
2025-10-27 04:00:00+01:00,-0.1
2025-10-27 04:15:00+01:00,0.0
2025-10-27 04:30:00+01:00,1.07
2025-10-27 04:45:00+01:00,4.26
2025-10-27 05:00:00+01:00,3.82
2025-10-27 05:15:00+01:00,4.27
2025-10-27 05:30:00+01:00,10.77
2025-10-27 05:45:00+01:00,24.27
2025-10-27 06:00:00+01:00,15.5
2025-10-27 06:15:00+01:00,36.2
2025-10-27 06:30:00+01:00,68.27
2025-10-27 06:45:00+01:00,100.03
2025-10-27 07:00:00+01:00,74.1
2025-10-27 07:15:00+01:00,89.68
2025-10-27 07:30:00+01:00,89.99
2025-10-27 07:45:00+01:00,90.49
2025-10-27 08:00:00+01:00,101.98
2025-10-27 08:15:00+01:00,101.7
2025-10-27 08:30:00+01:00,101.87
2025-10-27 08:45:00+01:00,95.04
2025-10-27 09:00:00+01:00,109.35
2025-10-27 09:15:00+01:00,105.01
2025-10-27 09:30:00+01:00,100.97
2025-10-27 09:45:00+01:00,92.11
2025-10-27 10:00:00+01:00,105.0
2025-10-27 10:15:00+01:00,99.63
2025-10-27 10:30:00+01:00,95.01
2025-10-27 10:45:00+01:00,87.31
2025-10-27 11:00:00+01:00,99.21
2025-10-27 11:15:00+01:00,97.53
2025-10-27 11:30:00+01:00,93.01
2025-10-27 11:45:00+01:00,88.78
2025-10-27 12:00:00+01:00,88.05
2025-10-27 12:15:00+01:00,80.05
2025-10-27 12:30:00+01:00,81.15
2025-10-27 12:45:00+01:00,81.54
2025-10-27 13:00:00+01:00,82.55
2025-10-27 13:15:00+01:00,82.17
2025-10-27 13:30:00+01:00,81.34
2025-10-27 13:45:00+01:00,78.43
2025-10-27 14:00:00+01:00,75.34
2025-10-27 14:15:00+01:00,80.39
2025-10-27 14:30:00+01:00,84.72
2025-10-27 14:45:00+01:00,92.94
2025-10-27 15:00:00+01:00,73.92
2025-10-27 15:15:00+01:00,73.99
2025-10-27 15:30:00+01:00,87.3
2025-10-27 15:45:00+01:00,99.45
2025-10-27 16:00:00+01:00,87.3
2025-10-27 16:15:00+01:00,94.73
2025-10-27 16:30:00+01:00,103.89
2025-10-27 16:45:00+01:00,111.01
2025-10-27 17:00:00+01:00,100.52
2025-10-27 17:15:00+01:00,106.68
2025-10-27 17:30:00+01:00,113.06
2025-10-27 17:45:00+01:00,122.58
2025-10-27 18:00:00+01:00,114.27
2025-10-27 18:15:00+01:00,119.64
2025-10-27 18:30:00+01:00,136.43
2025-10-27 18:45:00+01:00,135.81
2025-10-27 19:00:00+01:00,136.77
2025-10-27 19:15:00+01:00,123.88
2025-10-27 19:30:00+01:00,102.93
2025-10-27 19:45:00+01:00,90.41
2025-10-27 20:00:00+01:00,104.98
2025-10-27 20:15:00+01:00,107.92
2025-10-27 20:30:00+01:00,92.68
2025-10-27 20:45:00+01:00,74.56
2025-10-27 21:00:00+01:00,88.9
2025-10-27 21:15:00+01:00,87.33
2025-10-27 21:30:00+01:00,72.52
2025-10-27 21:45:00+01:00,63.01
2025-10-27 22:00:00+01:00,83.93
2025-10-27 22:15:00+01:00,76.05
2025-10-27 22:30:00+01:00,76.19
2025-10-27 22:45:00+01:00,61.75
2025-10-27 23:00:00+01:00,80.0
2025-10-27 23:15:00+01:00,68.02
2025-10-27 23:30:00+01:00,55.61
2025-10-27 23:45:00+01:00,46.07
