time,forecast_mw
2025-10-07 00:00:00+02:00,0.0
2025-10-07 00:15:00+02:00,0.0
2025-10-07 00:30:00+02:00,0.0
2025-10-07 00:45:00+02:00,0.0
2025-10-07 01:00:00+02:00,0.0
2025-10-07 01:15:00+02:00,0.0
2025-10-07 01:30:00+02:00,0.0
2025-10-07 01:45:00+02:00,0.0
2025-10-07 02:00:00+02:00,0.0
2025-10-07 02:15:00+02:00,0.0
2025-10-07 02:30:00+02:00,0.0
2025-10-07 02:45:00+02:00,0.0
2025-10-07 03:00:00+02:00,0.0
2025-10-07 03:15:00+02:00,0.0
2025-10-07 03:30:00+02:00,0.0
2025-10-07 03:45:00+02:00,0.0
2025-10-07 04:00:00+02:00,0.0
2025-10-07 04:15:00+02:00,0.0
2025-10-07 04:30:00+02:00,0.0
2025-10-07 04:45:00+02:00,0.0
2025-10-07 05:00:00+02:00,0.0
2025-10-07 05:15:00+02:00,0.0
2025-10-07 05:30:00+02:00,0.0
2025-10-07 05:45:00+02:00,0.0
2025-10-07 06:00:00+02:00,0.0
2025-10-07 06:15:00+02:00,0.0
2025-10-07 06:30:00+02:00,0.0
2025-10-07 06:45:00+02:00,0.0
2025-10-07 07:00:00+02:00,3.8
2025-10-07 07:15:00+02:00,60.71
2025-10-07 07:30:00+02:00,198.49
2025-10-07 07:45:00+02:00,425.76
2025-10-07 08:00:00+02:00,781.89
2025-10-07 08:15:00+02:00,1240.5
2025-10-07 08:30:00+02:00,1777.3
2025-10-07 08:45:00+02:00,2366.13
2025-10-07 09:00:00+02:00,2996.43
2025-10-07 09:15:00+02:00,3646.82
2025-10-07 09:30:00+02:00,4316.47
2025-10-07 09:45:00+02:00,4995.68
2025-10-07 10:00:00+02:00,5707.27
2025-10-07 10:15:00+02:00,6412.25
2025-10-07 10:30:00+02:00,7078.28
2025-10-07 10:45:00+02:00,7697.91
2025-10-07 11:00:00+02:00,8281.54
2025-10-07 11:15:00+02:00,8871.05
2025-10-07 11:30:00+02:00,9389.9
2025-10-07 11:45:00+02:00,9833.32
2025-10-07 12:00:00+02:00,10264.13
2025-10-07 12:15:00+02:00,10654.52
2025-10-07 12:30:00+02:00,10929.02
2025-10-07 12:45:00+02:00,11082.07
2025-10-07 13:00:00+02:00,11227.45
2025-10-07 13:15:00+02:00,11311.52
2025-10-07 13:30:00+02:00,11299.59
2025-10-07 13:45:00+02:00,11136.73
2025-10-07 14:00:00+02:00,10960.83
2025-10-07 14:15:00+02:00,10762.37
2025-10-07 14:30:00+02:00,10442.51
2025-10-07 14:45:00+02:00,10013.69
2025-10-07 15:00:00+02:00,9550.08
2025-10-07 15:15:00+02:00,9040.92
2025-10-07 15:30:00+02:00,8419.28
2025-10-07 15:45:00+02:00,7718.32
2025-10-07 16:00:00+02:00,6972.24
2025-10-07 16:15:00+02:00,6181.91
2025-10-07 16:30:00+02:00,5389.02
2025-10-07 16:45:00+02:00,4591.77
2025-10-07 17:00:00+02:00,3785.79
2025-10-07 17:15:00+02:00,2992.73
2025-10-07 17:30:00+02:00,2234.05
2025-10-07 17:45:00+02:00,1540.54
2025-10-07 18:00:00+02:00,948.28
2025-10-07 18:15:00+02:00,487.49
2025-10-07 18:30:00+02:00,204.56
2025-10-07 18:45:00+02:00,83.65
2025-10-07 19:00:00+02:00,44.89
2025-10-07 19:15:00+02:00,0.0
2025-10-07 19:30:00+02:00,0.0
2025-10-07 19:45:00+02:00,0.0
2025-10-07 20:00:00+02:00,0.0
2025-10-07 20:15:00+02:00,0.0
2025-10-07 20:30:00+02:00,0.0
2025-10-07 20:45:00+02:00,0.0
2025-10-07 21:00:00+02:00,0.0
2025-10-07 21:15:00+02:00,0.0
2025-10-07 21:30:00+02:00,0.0
2025-10-07 21:45:00+02:00,0.0
2025-10-07 22:00:00+02:00,0.0
2025-10-07 22:15:00+02:00,0.0
2025-10-07 22:30:00+02:00,0.0
2025-10-07 22:45:00+02:00,0.0
2025-10-07 23:00:00+02:00,0.0
2025-10-07 23:15:00+02:00,0.0
2025-10-07 23:30:00+02:00,0.0
2025-10-07 23:45:00+02:00,0.0
2025-10-08 00:00:00+02:00,0.0
2025-10-08 00:15:00+02:00,0.0
2025-10-08 00:30:00+02:00,0.0
2025-10-08 00:45:00+02:00,0.0
2025-10-08 01:00:00+02:00,0.0
2025-10-08 01:15:00+02:00,0.0
2025-10-08 01:30:00+02:00,0.0
2025-10-08 01:45:00+02:00,0.0
2025-10-08 02:00:00+02:00,0.0
2025-10-08 02:15:00+02:00,0.0
2025-10-08 02:30:00+02:00,0.0
2025-10-08 02:45:00+02:00,0.0
2025-10-08 03:00:00+02:00,0.0
2025-10-08 03:15:00+02:00,0.0
2025-10-08 03:30:00+02:00,0.0
2025-10-08 03:45:00+02:00,0.0
2025-10-08 04:00:00+02:00,0.0
2025-10-08 04:15:00+02:00,0.0
2025-10-08 04:30:00+02:00,0.0
2025-10-08 04:45:00+02:00,0.0
2025-10-08 05:00:00+02:00,0.0
2025-10-08 05:15:00+02:00,0.0
2025-10-08 05:30:00+02:00,0.0
2025-10-08 05:45:00+02:00,0.0
2025-10-08 06:00:00+02:00,0.0
2025-10-08 06:15:00+02:00,0.0
2025-10-08 06:30:00+02:00,0.0
2025-10-08 06:45:00+02:00,0.0
2025-10-08 07:00:00+02:00,3.89
2025-10-08 07:15:00+02:00,66.67
2025-10-08 07:30:00+02:00,228.62
2025-10-08 07:45:00+02:00,534.39
2025-10-08 08:00:00+02:00,1067.28
2025-10-08 08:15:00+02:00,1758.33
2025-10-08 08:30:00+02:00,2568.44
2025-10-08 08:45:00+02:00,3478.84
2025-10-08 09:00:00+02:00,4504.47
2025-10-08 09:15:00+02:00,5567.05
2025-10-08 09:30:00+02:00,6701.02
2025-10-08 09:45:00+02:00,7906.24
2025-10-08 10:00:00+02:00,9162.34
2025-10-08 10:15:00+02:00,10395.58
2025-10-08 10:30:00+02:00,11596.79
2025-10-08 10:45:00+02:00,12732.24
2025-10-08 11:00:00+02:00,13789.54
2025-10-08 11:15:00+02:00,14815.18
2025-10-08 11:30:00+02:00,15732.26
2025-10-08 11:45:00+02:00,16535.04
2025-10-08 12:00:00+02:00,17241.51
2025-10-08 12:15:00+02:00,17855.43
2025-10-08 12:30:00+02:00,18274.5
2025-10-08 12:45:00+02:00,18500.41
2025-10-08 13:00:00+02:00,18606.03
2025-10-08 13:15:00+02:00,18630.95
2025-10-08 13:30:00+02:00,18513.13
2025-10-08 13:45:00+02:00,18257.08
2025-10-08 14:00:00+02:00,17906.91
2025-10-08 14:15:00+02:00,17467.2
2025-10-08 14:30:00+02:00,16918.23
2025-10-08 14:45:00+02:00,16231.62
2025-10-08 15:00:00+02:00,15445.1
2025-10-08 15:15:00+02:00,14569.08
2025-10-08 15:30:00+02:00,13569.24
2025-10-08 15:45:00+02:00,12429.52
2025-10-08 16:00:00+02:00,11198.94
2025-10-08 16:15:00+02:00,9888.64
2025-10-08 16:30:00+02:00,8520.79
2025-10-08 16:45:00+02:00,7135.06
2025-10-08 17:00:00+02:00,5750.34
2025-10-08 17:15:00+02:00,4420.52
2025-10-08 17:30:00+02:00,3189.11
2025-10-08 17:45:00+02:00,2120.14
2025-10-08 18:00:00+02:00,1233.51
2025-10-08 18:15:00+02:00,587.65
2025-10-08 18:30:00+02:00,213.16
2025-10-08 18:45:00+02:00,69.2
2025-10-08 19:00:00+02:00,0.0
2025-10-08 19:15:00+02:00,0.0
2025-10-08 19:30:00+02:00,0.0
2025-10-08 19:45:00+02:00,0.0
2025-10-08 20:00:00+02:00,0.0
2025-10-08 20:15:00+02:00,0.0
2025-10-08 20:30:00+02:00,0.0
2025-10-08 20:45:00+02:00,0.0
2025-10-08 21:00:00+02:00,0.0
2025-10-08 21:15:00+02:00,0.0
2025-10-08 21:30:00+02:00,0.0
2025-10-08 21:45:00+02:00,0.0
2025-10-08 22:00:00+02:00,0.0
2025-10-08 22:15:00+02:00,0.0
2025-10-08 22:30:00+02:00,0.0
2025-10-08 22:45:00+02:00,0.0
2025-10-08 23:00:00+02:00,0.0
2025-10-08 23:15:00+02:00,0.0
2025-10-08 23:30:00+02:00,0.0
2025-10-08 23:45:00+02:00,0.0
2025-10-09 00:00:00+02:00,0.0
2025-10-09 00:15:00+02:00,0.0
2025-10-09 00:30:00+02:00,0.0
2025-10-09 00:45:00+02:00,0.0
2025-10-09 01:00:00+02:00,0.0
2025-10-09 01:15:00+02:00,0.0
2025-10-09 01:30:00+02:00,0.0
2025-10-09 01:45:00+02:00,0.0
2025-10-09 02:00:00+02:00,0.0
2025-10-09 02:15:00+02:00,0.0
2025-10-09 02:30:00+02:00,0.0
2025-10-09 02:45:00+02:00,0.0
2025-10-09 03:00:00+02:00,0.0
2025-10-09 03:15:00+02:00,0.0
2025-10-09 03:30:00+02:00,0.0
2025-10-09 03:45:00+02:00,0.0
2025-10-09 04:00:00+02:00,0.0
2025-10-09 04:15:00+02:00,0.0
2025-10-09 04:30:00+02:00,0.0
2025-10-09 04:45:00+02:00,0.0
2025-10-09 05:00:00+02:00,0.0
2025-10-09 05:15:00+02:00,0.0
2025-10-09 05:30:00+02:00,0.0
2025-10-09 05:45:00+02:00,0.0
2025-10-09 06:00:00+02:00,0.0
2025-10-09 06:15:00+02:00,0.0
2025-10-09 06:30:00+02:00,0.0
2025-10-09 06:45:00+02:00,0.0
2025-10-09 07:00:00+02:00,4.4
2025-10-09 07:15:00+02:00,37.51
2025-10-09 07:30:00+02:00,223.01
2025-10-09 07:45:00+02:00,599.19
2025-10-09 08:00:00+02:00,1286.37
2025-10-09 08:15:00+02:00,2218.01
2025-10-09 08:30:00+02:00,3305.7
2025-10-09 08:45:00+02:00,4493.91
2025-10-09 09:00:00+02:00,5770.36
2025-10-09 09:15:00+02:00,7101.24
2025-10-09 09:30:00+02:00,8471.36
2025-10-09 09:45:00+02:00,9860.14
2025-10-09 10:00:00+02:00,11331.04
2025-10-09 10:15:00+02:00,12815.47
2025-10-09 10:30:00+02:00,14229.7
2025-10-09 10:45:00+02:00,15501.89
2025-10-09 11:00:00+02:00,16648.04
2025-10-09 11:15:00+02:00,17741.12
2025-10-09 11:30:00+02:00,18622.21
2025-10-09 11:45:00+02:00,19284.46
2025-10-09 12:00:00+02:00,19847.99
2025-10-09 12:15:00+02:00,20344.05
2025-10-09 12:30:00+02:00,20639.45
2025-10-09 12:45:00+02:00,20726.67
2025-10-09 13:00:00+02:00,20718.4
2025-10-09 13:15:00+02:00,20685.7
2025-10-09 13:30:00+02:00,20495.61
2025-10-09 13:45:00+02:00,20211.07
2025-10-09 14:00:00+02:00,19859.44
2025-10-09 14:15:00+02:00,19415.41
2025-10-09 14:30:00+02:00,18811.49
2025-10-09 14:45:00+02:00,18011.58
2025-10-09 15:00:00+02:00,17142.1
2025-10-09 15:15:00+02:00,16196.06
2025-10-09 15:30:00+02:00,15123.41
2025-10-09 15:45:00+02:00,13889.36
2025-10-09 16:00:00+02:00,12585.91
2025-10-09 16:15:00+02:00,11187.32
2025-10-09 16:30:00+02:00,9703.06
2025-10-09 16:45:00+02:00,8163.75
2025-10-09 17:00:00+02:00,6617.56
2025-10-09 17:15:00+02:00,5087.99
2025-10-09 17:30:00+02:00,3642.72
2025-10-09 17:45:00+02:00,2378.41
2025-10-09 18:00:00+02:00,1351.18
2025-10-09 18:15:00+02:00,601.76
2025-10-09 18:30:00+02:00,203.5
2025-10-09 18:45:00+02:00,50.28
2025-10-09 19:00:00+02:00,0.0
2025-10-09 19:15:00+02:00,0.0
2025-10-09 19:30:00+02:00,0.0
2025-10-09 19:45:00+02:00,0.0
2025-10-09 20:00:00+02:00,0.0
2025-10-09 20:15:00+02:00,0.0
2025-10-09 20:30:00+02:00,0.0
2025-10-09 20:45:00+02:00,0.0
2025-10-09 21:00:00+02:00,0.0
2025-10-09 21:15:00+02:00,0.0
2025-10-09 21:30:00+02:00,0.0
2025-10-09 21:45:00+02:00,0.0
2025-10-09 22:00:00+02:00,0.0
2025-10-09 22:15:00+02:00,0.0
2025-10-09 22:30:00+02:00,0.0
2025-10-09 22:45:00+02:00,0.0
2025-10-09 23:00:00+02:00,0.0
2025-10-09 23:15:00+02:00,0.0
2025-10-09 23:30:00+02:00,0.0
2025-10-09 23:45:00+02:00,0.0
2025-10-10 00:00:00+02:00,0.0
2025-10-10 00:15:00+02:00,0.0
2025-10-10 00:30:00+02:00,0.0
2025-10-10 00:45:00+02:00,0.0
2025-10-10 01:00:00+02:00,0.0
2025-10-10 01:15:00+02:00,0.0
2025-10-10 01:30:00+02:00,0.0
2025-10-10 01:45:00+02:00,0.0
2025-10-10 02:00:00+02:00,0.0
2025-10-10 02:15:00+02:00,0.0
2025-10-10 02:30:00+02:00,0.0
2025-10-10 02:45:00+02:00,0.0
2025-10-10 03:00:00+02:00,0.0
2025-10-10 03:15:00+02:00,0.0
2025-10-10 03:30:00+02:00,0.0
2025-10-10 03:45:00+02:00,0.0
2025-10-10 04:00:00+02:00,0.0
2025-10-10 04:15:00+02:00,0.0
2025-10-10 04:30:00+02:00,0.0
2025-10-10 04:45:00+02:00,0.0
2025-10-10 05:00:00+02:00,0.0
2025-10-10 05:15:00+02:00,0.0
2025-10-10 05:30:00+02:00,0.0
2025-10-10 05:45:00+02:00,0.0
2025-10-10 06:00:00+02:00,0.0
2025-10-10 06:15:00+02:00,0.0
2025-10-10 06:30:00+02:00,0.0
2025-10-10 06:45:00+02:00,0.0
2025-10-10 07:00:00+02:00,6.73
2025-10-10 07:15:00+02:00,23.73
2025-10-10 07:30:00+02:00,200.83
2025-10-10 07:45:00+02:00,670.17
2025-10-10 08:00:00+02:00,1578.08
2025-10-10 08:15:00+02:00,2820.19
2025-10-10 08:30:00+02:00,4275.13
2025-10-10 08:45:00+02:00,5890.81
2025-10-10 09:00:00+02:00,7591.43
2025-10-10 09:15:00+02:00,9312.47
2025-10-10 09:30:00+02:00,11038.46
2025-10-10 09:45:00+02:00,12754.34
2025-10-10 10:00:00+02:00,14459.17
2025-10-10 10:15:00+02:00,16127.6
2025-10-10 10:30:00+02:00,17627.39
2025-10-10 10:45:00+02:00,18922.74
2025-10-10 11:00:00+02:00,20124.67
2025-10-10 11:15:00+02:00,21242.7
2025-10-10 11:30:00+02:00,22132.57
2025-10-10 11:45:00+02:00,22761.76
2025-10-10 12:00:00+02:00,23241.71
2025-10-10 12:15:00+02:00,23620.49
2025-10-10 12:30:00+02:00,23798.37
2025-10-10 12:45:00+02:00,23790.12
2025-10-10 13:00:00+02:00,23667.49
2025-10-10 13:15:00+02:00,23472.81
2025-10-10 13:30:00+02:00,23146.52
2025-10-10 13:45:00+02:00,22716.59
2025-10-10 14:00:00+02:00,22214.03
2025-10-10 14:15:00+02:00,21633.1
2025-10-10 14:30:00+02:00,20890.31
2025-10-10 14:45:00+02:00,19963.83
2025-10-10 15:00:00+02:00,18964.91
2025-10-10 15:15:00+02:00,17857.45
2025-10-10 15:30:00+02:00,16605.42
2025-10-10 15:45:00+02:00,15204.56
2025-10-10 16:00:00+02:00,13687.9
2025-10-10 16:15:00+02:00,12059.39
2025-10-10 16:30:00+02:00,10372.18
2025-10-10 16:45:00+02:00,8652.25
2025-10-10 17:00:00+02:00,6907.83
2025-10-10 17:15:00+02:00,5227.47
2025-10-10 17:30:00+02:00,3702.62
2025-10-10 17:45:00+02:00,2377.19
2025-10-10 18:00:00+02:00,1315.82
2025-10-10 18:15:00+02:00,576.36
2025-10-10 18:30:00+02:00,192.76
2025-10-10 18:45:00+02:00,56.77
2025-10-10 19:00:00+02:00,0.0
2025-10-10 19:15:00+02:00,0.0
2025-10-10 19:30:00+02:00,0.0
2025-10-10 19:45:00+02:00,0.0
2025-10-10 20:00:00+02:00,0.0
2025-10-10 20:15:00+02:00,0.0
2025-10-10 20:30:00+02:00,0.0
2025-10-10 20:45:00+02:00,0.0
2025-10-10 21:00:00+02:00,0.0
2025-10-10 21:15:00+02:00,0.0
2025-10-10 21:30:00+02:00,0.0
2025-10-10 21:45:00+02:00,0.0
2025-10-10 22:00:00+02:00,0.0
2025-10-10 22:15:00+02:00,0.0
2025-10-10 22:30:00+02:00,0.0
2025-10-10 22:45:00+02:00,0.0
2025-10-10 23:00:00+02:00,0.0
2025-10-10 23:15:00+02:00,0.0
2025-10-10 23:30:00+02:00,0.0
2025-10-10 23:45:00+02:00,0.0
2025-10-11 00:00:00+02:00,0.0
2025-10-11 00:15:00+02:00,0.0
2025-10-11 00:30:00+02:00,0.0
2025-10-11 00:45:00+02:00,0.0
2025-10-11 01:00:00+02:00,0.0
2025-10-11 01:15:00+02:00,0.0
2025-10-11 01:30:00+02:00,0.0
2025-10-11 01:45:00+02:00,0.0
2025-10-11 02:00:00+02:00,0.0
2025-10-11 02:15:00+02:00,0.0
2025-10-11 02:30:00+02:00,0.0
2025-10-11 02:45:00+02:00,0.0
2025-10-11 03:00:00+02:00,0.0
2025-10-11 03:15:00+02:00,0.0
2025-10-11 03:30:00+02:00,0.0
2025-10-11 03:45:00+02:00,0.0
2025-10-11 04:00:00+02:00,0.0
2025-10-11 04:15:00+02:00,0.0
2025-10-11 04:30:00+02:00,0.0
2025-10-11 04:45:00+02:00,0.0
2025-10-11 05:00:00+02:00,0.0
2025-10-11 05:15:00+02:00,0.0
2025-10-11 05:30:00+02:00,0.0
2025-10-11 05:45:00+02:00,0.0
2025-10-11 06:00:00+02:00,0.0
2025-10-11 06:15:00+02:00,0.0
2025-10-11 06:30:00+02:00,0.0
2025-10-11 06:45:00+02:00,0.0
2025-10-11 07:00:00+02:00,4.25
2025-10-11 07:15:00+02:00,13.41
2025-10-11 07:30:00+02:00,142.69
2025-10-11 07:45:00+02:00,497.18
2025-10-11 08:00:00+02:00,1173.97
2025-10-11 08:15:00+02:00,2092.64
2025-10-11 08:30:00+02:00,3173.16
2025-10-11 08:45:00+02:00,4395.59
2025-10-11 09:00:00+02:00,5703.38
2025-10-11 09:15:00+02:00,7047.79
2025-10-11 09:30:00+02:00,8438.18
2025-10-11 09:45:00+02:00,9851.1
2025-10-11 10:00:00+02:00,11280.62
2025-10-11 10:15:00+02:00,12674.67
2025-10-11 10:30:00+02:00,13961.99
2025-10-11 10:45:00+02:00,15134.93
2025-10-11 11:00:00+02:00,16251.44
2025-10-11 11:15:00+02:00,17334.88
2025-10-11 11:30:00+02:00,18192.55
2025-10-11 11:45:00+02:00,18811.05
2025-10-11 12:00:00+02:00,19368.13
2025-10-11 12:15:00+02:00,19840.98
2025-10-11 12:30:00+02:00,20144.7
2025-10-11 12:45:00+02:00,20301.04
2025-10-11 13:00:00+02:00,20433.67
2025-10-11 13:15:00+02:00,20506.33
2025-10-11 13:30:00+02:00,20429.44
2025-10-11 13:45:00+02:00,20183.09
2025-10-11 14:00:00+02:00,19849.5
2025-10-11 14:15:00+02:00,19410.14
2025-10-11 14:30:00+02:00,18802.19
2025-10-11 14:45:00+02:00,17999.81
2025-10-11 15:00:00+02:00,17110.58
2025-10-11 15:15:00+02:00,16114.76
2025-10-11 15:30:00+02:00,14939.36
2025-10-11 15:45:00+02:00,13629.55
2025-10-11 16:00:00+02:00,12245.09
2025-10-11 16:15:00+02:00,10766.29
2025-10-11 16:30:00+02:00,9226.14
2025-10-11 16:45:00+02:00,7642.54
2025-10-11 17:00:00+02:00,6051.89
2025-10-11 17:15:00+02:00,4540.28
2025-10-11 17:30:00+02:00,3174.57
2025-10-11 17:45:00+02:00,1998.05
2025-10-11 18:00:00+02:00,1057.57
2025-10-11 18:15:00+02:00,442.97
2025-10-11 18:30:00+02:00,145.52
2025-10-11 18:45:00+02:00,52.96
2025-10-11 19:00:00+02:00,0.0
2025-10-11 19:15:00+02:00,0.0
2025-10-11 19:30:00+02:00,0.0
2025-10-11 19:45:00+02:00,0.0
2025-10-11 20:00:00+02:00,0.0
2025-10-11 20:15:00+02:00,0.0
2025-10-11 20:30:00+02:00,0.0
2025-10-11 20:45:00+02:00,0.0
2025-10-11 21:00:00+02:00,0.0
2025-10-11 21:15:00+02:00,0.0
2025-10-11 21:30:00+02:00,0.0
2025-10-11 21:45:00+02:00,0.0
2025-10-11 22:00:00+02:00,0.0
2025-10-11 22:15:00+02:00,0.0
2025-10-11 22:30:00+02:00,0.0
2025-10-11 22:45:00+02:00,0.0
2025-10-11 23:00:00+02:00,0.0
2025-10-11 23:15:00+02:00,0.0
2025-10-11 23:30:00+02:00,0.0
2025-10-11 23:45:00+02:00,0.0
2025-10-12 00:00:00+02:00,0.0
2025-10-12 00:15:00+02:00,0.0
2025-10-12 00:30:00+02:00,0.0
2025-10-12 00:45:00+02:00,0.0
2025-10-12 01:00:00+02:00,0.0
2025-10-12 01:15:00+02:00,0.0
2025-10-12 01:30:00+02:00,0.0
2025-10-12 01:45:00+02:00,0.0
2025-10-12 02:00:00+02:00,0.0
2025-10-12 02:15:00+02:00,0.0
2025-10-12 02:30:00+02:00,0.0
2025-10-12 02:45:00+02:00,0.0
2025-10-12 03:00:00+02:00,0.0
2025-10-12 03:15:00+02:00,0.0
2025-10-12 03:30:00+02:00,0.0
2025-10-12 03:45:00+02:00,0.0
2025-10-12 04:00:00+02:00,0.0
2025-10-12 04:15:00+02:00,0.0
2025-10-12 04:30:00+02:00,0.0
2025-10-12 04:45:00+02:00,0.0
2025-10-12 05:00:00+02:00,0.0
2025-10-12 05:15:00+02:00,0.0
2025-10-12 05:30:00+02:00,0.0
2025-10-12 05:45:00+02:00,0.0
2025-10-12 06:00:00+02:00,0.0
2025-10-12 06:15:00+02:00,0.0
2025-10-12 06:30:00+02:00,0.0
2025-10-12 06:45:00+02:00,0.0
2025-10-12 07:00:00+02:00,3.36
2025-10-12 07:15:00+02:00,10.09
2025-10-12 07:30:00+02:00,84.28
2025-10-12 07:45:00+02:00,375.95
2025-10-12 08:00:00+02:00,900.56
2025-10-12 08:15:00+02:00,1635.91
2025-10-12 08:30:00+02:00,2535.09
2025-10-12 08:45:00+02:00,3562.89
2025-10-12 09:00:00+02:00,4731.84
2025-10-12 09:15:00+02:00,5968.56
2025-10-12 09:30:00+02:00,7259.97
2025-10-12 09:45:00+02:00,8550.36
2025-10-12 10:00:00+02:00,9816.93
2025-10-12 10:15:00+02:00,11079.5
2025-10-12 10:30:00+02:00,12227.4
2025-10-12 10:45:00+02:00,13266.63
2025-10-12 11:00:00+02:00,14160.31
2025-10-12 11:15:00+02:00,15001.22
2025-10-12 11:30:00+02:00,15604.7
2025-10-12 11:45:00+02:00,15973.44
2025-10-12 12:00:00+02:00,16293.61
2025-10-12 12:15:00+02:00,16547.7
2025-10-12 12:30:00+02:00,16677.74
2025-10-12 12:45:00+02:00,16691.9
2025-10-12 13:00:00+02:00,16683.87
2025-10-12 13:15:00+02:00,16599.35
2025-10-12 13:30:00+02:00,16418.82
2025-10-12 13:45:00+02:00,16091.23
2025-10-12 14:00:00+02:00,15692.06
2025-10-12 14:15:00+02:00,15243.51
2025-10-12 14:30:00+02:00,14698.97
2025-10-12 14:45:00+02:00,14051.91
2025-10-12 15:00:00+02:00,13341.15
2025-10-12 15:15:00+02:00,12549.67
2025-10-12 15:30:00+02:00,11588.54
2025-10-12 15:45:00+02:00,10540.18
2025-10-12 16:00:00+02:00,9434.03
2025-10-12 16:15:00+02:00,8256.01
2025-10-12 16:30:00+02:00,7103.76
2025-10-12 16:45:00+02:00,5893.22
2025-10-12 17:00:00+02:00,4683.45
2025-10-12 17:15:00+02:00,3536.98
2025-10-12 17:30:00+02:00,2495.44
2025-10-12 17:45:00+02:00,1572.75
2025-10-12 18:00:00+02:00,825.02
2025-10-12 18:15:00+02:00,332.6
2025-10-12 18:30:00+02:00,112.52
2025-10-12 18:45:00+02:00,37.08
2025-10-12 19:00:00+02:00,0.0
2025-10-12 19:15:00+02:00,0.0
2025-10-12 19:30:00+02:00,0.0
2025-10-12 19:45:00+02:00,0.0
2025-10-12 20:00:00+02:00,0.0
2025-10-12 20:15:00+02:00,0.0
2025-10-12 20:30:00+02:00,0.0
2025-10-12 20:45:00+02:00,0.0
2025-10-12 21:00:00+02:00,0.0
2025-10-12 21:15:00+02:00,0.0
2025-10-12 21:30:00+02:00,0.0
2025-10-12 21:45:00+02:00,0.0
2025-10-12 22:00:00+02:00,0.0
2025-10-12 22:15:00+02:00,0.0
2025-10-12 22:30:00+02:00,0.0
2025-10-12 22:45:00+02:00,0.0
2025-10-12 23:00:00+02:00,0.0
2025-10-12 23:15:00+02:00,0.0
2025-10-12 23:30:00+02:00,0.0
2025-10-12 23:45:00+02:00,0.0
2025-10-13 00:00:00+02:00,0.0
2025-10-13 00:15:00+02:00,0.0
2025-10-13 00:30:00+02:00,0.0
2025-10-13 00:45:00+02:00,0.0
2025-10-13 01:00:00+02:00,0.0
2025-10-13 01:15:00+02:00,0.0
2025-10-13 01:30:00+02:00,0.0
2025-10-13 01:45:00+02:00,0.0
2025-10-13 02:00:00+02:00,0.0
2025-10-13 02:15:00+02:00,0.0
2025-10-13 02:30:00+02:00,0.0
2025-10-13 02:45:00+02:00,0.0
2025-10-13 03:00:00+02:00,0.0
2025-10-13 03:15:00+02:00,0.0
2025-10-13 03:30:00+02:00,0.0
2025-10-13 03:45:00+02:00,0.0
2025-10-13 04:00:00+02:00,0.0
2025-10-13 04:15:00+02:00,0.0
2025-10-13 04:30:00+02:00,0.0
2025-10-13 04:45:00+02:00,0.0
2025-10-13 05:00:00+02:00,0.0
2025-10-13 05:15:00+02:00,0.0
2025-10-13 05:30:00+02:00,0.0
2025-10-13 05:45:00+02:00,0.0
2025-10-13 06:00:00+02:00,0.0
2025-10-13 06:15:00+02:00,0.0
2025-10-13 06:30:00+02:00,0.0
2025-10-13 06:45:00+02:00,0.0
2025-10-13 07:00:00+02:00,2.21
2025-10-13 07:15:00+02:00,5.05
2025-10-13 07:30:00+02:00,95.62
2025-10-13 07:45:00+02:00,414.57
2025-10-13 08:00:00+02:00,1053.83
2025-10-13 08:15:00+02:00,1973.16
2025-10-13 08:30:00+02:00,3045.15
2025-10-13 08:45:00+02:00,4267.1
2025-10-13 09:00:00+02:00,5598.66
2025-10-13 09:15:00+02:00,6986.41
2025-10-13 09:30:00+02:00,8448.66
2025-10-13 09:45:00+02:00,9975.56
2025-10-13 10:00:00+02:00,11551.09
2025-10-13 10:15:00+02:00,13114.55
2025-10-13 10:30:00+02:00,14638.29
2025-10-13 10:45:00+02:00,16096.22
2025-10-13 11:00:00+02:00,17401.45
2025-10-13 11:15:00+02:00,18611.27
2025-10-13 11:30:00+02:00,19662.48
2025-10-13 11:45:00+02:00,20564.79
2025-10-13 12:00:00+02:00,21363.1
2025-10-13 12:15:00+02:00,22091.97
2025-10-13 12:30:00+02:00,22657.91
2025-10-13 12:45:00+02:00,23056.81
2025-10-13 13:00:00+02:00,23345.79
2025-10-13 13:15:00+02:00,23485.55
2025-10-13 13:30:00+02:00,23492.2
2025-10-13 13:45:00+02:00,23326.92
2025-10-13 14:00:00+02:00,23025.03
2025-10-13 14:15:00+02:00,22596.72
2025-10-13 14:30:00+02:00,21989.52
2025-10-13 14:45:00+02:00,21167.59
2025-10-13 15:00:00+02:00,20163.68
2025-10-13 15:15:00+02:00,18997.31
2025-10-13 15:30:00+02:00,17617.31
2025-10-13 15:45:00+02:00,16070.92
2025-10-13 16:00:00+02:00,14427.24
2025-10-13 16:15:00+02:00,13210.36
2025-10-13 16:30:00+02:00,12375.65
2025-10-13 16:45:00+02:00,10965.8
2025-10-13 17:00:00+02:00,9085.59
2025-10-13 17:15:00+02:00,6870.82
2025-10-13 17:30:00+02:00,4344.18
2025-10-13 17:45:00+02:00,2359.6
2025-10-13 18:00:00+02:00,1053.8
2025-10-13 18:15:00+02:00,514.72
2025-10-13 18:30:00+02:00,230.4
2025-10-13 18:45:00+02:00,35.82
2025-10-13 19:00:00+02:00,0.0
2025-10-13 19:15:00+02:00,0.0
2025-10-13 19:30:00+02:00,0.0
2025-10-13 19:45:00+02:00,0.0
2025-10-13 20:00:00+02:00,0.0
2025-10-13 20:15:00+02:00,0.0
2025-10-13 20:30:00+02:00,0.0
2025-10-13 20:45:00+02:00,0.0
2025-10-13 21:00:00+02:00,0.0
2025-10-13 21:15:00+02:00,0.0
2025-10-13 21:30:00+02:00,0.0
2025-10-13 21:45:00+02:00,0.0
2025-10-13 22:00:00+02:00,0.0
2025-10-13 22:15:00+02:00,0.0
2025-10-13 22:30:00+02:00,0.0
2025-10-13 22:45:00+02:00,0.0
2025-10-13 23:00:00+02:00,0.0
2025-10-13 23:15:00+02:00,0.0
2025-10-13 23:30:00+02:00,0.0
2025-10-13 23:45:00+02:00,0.0
2025-10-14 00:00:00+02:00,0.0
2025-10-14 00:15:00+02:00,0.0
2025-10-14 00:30:00+02:00,0.0
2025-10-14 00:45:00+02:00,0.0
2025-10-14 01:00:00+02:00,0.0
2025-10-14 01:15:00+02:00,0.0
2025-10-14 01:30:00+02:00,0.0
2025-10-14 01:45:00+02:00,0.0
2025-10-14 02:00:00+02:00,0.0
2025-10-14 02:15:00+02:00,0.0
2025-10-14 02:30:00+02:00,0.0
2025-10-14 02:45:00+02:00,0.0
2025-10-14 03:00:00+02:00,0.0
2025-10-14 03:15:00+02:00,0.0
2025-10-14 03:30:00+02:00,0.0
2025-10-14 03:45:00+02:00,0.0
2025-10-14 04:00:00+02:00,0.0
2025-10-14 04:15:00+02:00,0.0
2025-10-14 04:30:00+02:00,0.0
2025-10-14 04:45:00+02:00,0.0
2025-10-14 05:00:00+02:00,0.0
2025-10-14 05:15:00+02:00,0.0
2025-10-14 05:30:00+02:00,0.0
2025-10-14 05:45:00+02:00,0.0
2025-10-14 06:00:00+02:00,0.0
2025-10-14 06:15:00+02:00,0.0
2025-10-14 06:30:00+02:00,0.0
2025-10-14 06:45:00+02:00,0.0
2025-10-14 07:00:00+02:00,1.13
2025-10-14 07:15:00+02:00,2.79
2025-10-14 07:30:00+02:00,83.27
2025-10-14 07:45:00+02:00,359.86
2025-10-14 08:00:00+02:00,989.62
2025-10-14 08:15:00+02:00,1911.22
2025-10-14 08:30:00+02:00,3022.53
2025-10-14 08:45:00+02:00,4305.64
2025-10-14 09:00:00+02:00,5737.95
2025-10-14 09:15:00+02:00,7288.47
2025-10-14 09:30:00+02:00,8859.06
2025-10-14 09:45:00+02:00,10411.32
2025-10-14 10:00:00+02:00,11943.13
2025-10-14 10:15:00+02:00,13513.92
2025-10-14 10:30:00+02:00,14896.38
2025-10-14 10:45:00+02:00,16153.75
2025-10-14 11:00:00+02:00,17243.67
2025-10-14 11:15:00+02:00,18200.39
2025-10-14 11:30:00+02:00,18995.63
2025-10-14 11:45:00+02:00,19591.14
2025-10-14 12:00:00+02:00,20050.95
2025-10-14 12:15:00+02:00,20412.65
2025-10-14 12:30:00+02:00,20623.5
2025-10-14 12:45:00+02:00,20684.41
2025-10-14 13:00:00+02:00,20653.18
2025-10-14 13:15:00+02:00,20541.16
2025-10-14 13:30:00+02:00,20294.33
2025-10-14 13:45:00+02:00,19917.84
2025-10-14 14:00:00+02:00,19476.59
2025-10-14 14:15:00+02:00,18955.58
2025-10-14 14:30:00+02:00,18301.14
2025-10-14 14:45:00+02:00,17505.82
2025-10-14 15:00:00+02:00,16611.59
2025-10-14 15:15:00+02:00,15614.17
2025-10-14 15:30:00+02:00,14486.55
2025-10-14 15:45:00+02:00,13217.96
2025-10-14 16:00:00+02:00,11849.45
2025-10-14 16:15:00+02:00,10363.01
2025-10-14 16:30:00+02:00,8802.51
2025-10-14 16:45:00+02:00,7218.28
2025-10-14 17:00:00+02:00,5615.48
2025-10-14 17:15:00+02:00,4113.81
2025-10-14 17:30:00+02:00,2768.16
2025-10-14 17:45:00+02:00,1653.93
2025-10-14 18:00:00+02:00,778.98
2025-10-14 18:15:00+02:00,275.32
2025-10-14 18:30:00+02:00,85.61
2025-10-14 18:45:00+02:00,29.82
2025-10-14 19:00:00+02:00,0.0
2025-10-14 19:15:00+02:00,0.0
2025-10-14 19:30:00+02:00,0.0
2025-10-14 19:45:00+02:00,0.0
2025-10-14 20:00:00+02:00,0.0
2025-10-14 20:15:00+02:00,0.0
2025-10-14 20:30:00+02:00,0.0
2025-10-14 20:45:00+02:00,0.0
2025-10-14 21:00:00+02:00,0.0
2025-10-14 21:15:00+02:00,0.0
2025-10-14 21:30:00+02:00,0.0
2025-10-14 21:45:00+02:00,0.0
2025-10-14 22:00:00+02:00,0.0
2025-10-14 22:15:00+02:00,0.0
2025-10-14 22:30:00+02:00,0.0
2025-10-14 22:45:00+02:00,0.0
2025-10-14 23:00:00+02:00,0.0
2025-10-14 23:15:00+02:00,0.0
2025-10-14 23:30:00+02:00,0.0
2025-10-14 23:45:00+02:00,0.0
2025-10-15 00:00:00+02:00,0.0
2025-10-15 00:15:00+02:00,0.0
2025-10-15 00:30:00+02:00,0.0
2025-10-15 00:45:00+02:00,0.0
2025-10-15 01:00:00+02:00,0.0
2025-10-15 01:15:00+02:00,0.0
2025-10-15 01:30:00+02:00,0.0
2025-10-15 01:45:00+02:00,0.0
2025-10-15 02:00:00+02:00,0.0
2025-10-15 02:15:00+02:00,0.0
2025-10-15 02:30:00+02:00,0.0
2025-10-15 02:45:00+02:00,0.0
2025-10-15 03:00:00+02:00,0.0
2025-10-15 03:15:00+02:00,0.0
2025-10-15 03:30:00+02:00,0.0
2025-10-15 03:45:00+02:00,0.0
2025-10-15 04:00:00+02:00,0.0
2025-10-15 04:15:00+02:00,0.0
2025-10-15 04:30:00+02:00,0.0
2025-10-15 04:45:00+02:00,0.0
2025-10-15 05:00:00+02:00,0.0
2025-10-15 05:15:00+02:00,0.0
2025-10-15 05:30:00+02:00,0.0
2025-10-15 05:45:00+02:00,0.0
2025-10-15 06:00:00+02:00,0.0
2025-10-15 06:15:00+02:00,0.0
2025-10-15 06:30:00+02:00,0.0
2025-10-15 06:45:00+02:00,0.0
2025-10-15 07:00:00+02:00,0.0
2025-10-15 07:15:00+02:00,0.0
2025-10-15 07:30:00+02:00,67.93
2025-10-15 07:45:00+02:00,307.65
2025-10-15 08:00:00+02:00,787.84
2025-10-15 08:15:00+02:00,1549.61
2025-10-15 08:30:00+02:00,2465.98
2025-10-15 08:45:00+02:00,3505.64
2025-10-15 09:00:00+02:00,4655.81
2025-10-15 09:15:00+02:00,5853.73
2025-10-15 09:30:00+02:00,7087.3
2025-10-15 09:45:00+02:00,8346.18
2025-10-15 10:00:00+02:00,9671.76
2025-10-15 10:15:00+02:00,10989.94
2025-10-15 10:30:00+02:00,12258.36
2025-10-15 10:45:00+02:00,13414.96
2025-10-15 11:00:00+02:00,14455.94
2025-10-15 11:15:00+02:00,15481.32
2025-10-15 11:30:00+02:00,16354.72
2025-10-15 11:45:00+02:00,17047.88
2025-10-15 12:00:00+02:00,17645.49
2025-10-15 12:15:00+02:00,18155.64
2025-10-15 12:30:00+02:00,18459.13
2025-10-15 12:45:00+02:00,18564.79
2025-10-15 13:00:00+02:00,18600.34
2025-10-15 13:15:00+02:00,18566.75
2025-10-15 13:30:00+02:00,18415.23
2025-10-15 13:45:00+02:00,18113.21
2025-10-15 14:00:00+02:00,17760.04
2025-10-15 14:15:00+02:00,17350.73
2025-10-15 14:30:00+02:00,16765.96
2025-10-15 14:45:00+02:00,15976.59
2025-10-15 15:00:00+02:00,15105.16
2025-10-15 15:15:00+02:00,14138.95
2025-10-15 15:30:00+02:00,13029.85
2025-10-15 15:45:00+02:00,11800.85
2025-10-15 16:00:00+02:00,10531.07
2025-10-15 16:15:00+02:00,9188.22
2025-10-15 16:30:00+02:00,7798.85
2025-10-15 16:45:00+02:00,6365.41
2025-10-15 17:00:00+02:00,4938.29
2025-10-15 17:15:00+02:00,3569.27
2025-10-15 17:30:00+02:00,2332.53
2025-10-15 17:45:00+02:00,1309.57
2025-10-15 18:00:00+02:00,594.98
2025-10-15 18:15:00+02:00,218.16
2025-10-15 18:30:00+02:00,80.54
2025-10-15 18:45:00+02:00,13.12
2025-10-15 19:00:00+02:00,0.0
2025-10-15 19:15:00+02:00,0.0
2025-10-15 19:30:00+02:00,0.0
2025-10-15 19:45:00+02:00,0.0
2025-10-15 20:00:00+02:00,0.0
2025-10-15 20:15:00+02:00,0.0
2025-10-15 20:30:00+02:00,0.0
2025-10-15 20:45:00+02:00,0.0
2025-10-15 21:00:00+02:00,0.0
2025-10-15 21:15:00+02:00,0.0
2025-10-15 21:30:00+02:00,0.0
2025-10-15 21:45:00+02:00,0.0
2025-10-15 22:00:00+02:00,0.0
2025-10-15 22:15:00+02:00,0.0
2025-10-15 22:30:00+02:00,0.0
2025-10-15 22:45:00+02:00,0.0
2025-10-15 23:00:00+02:00,0.0
2025-10-15 23:15:00+02:00,0.0
2025-10-15 23:30:00+02:00,0.0
2025-10-15 23:45:00+02:00,0.0
2025-10-16 00:00:00+02:00,0.0
2025-10-16 00:15:00+02:00,0.0
2025-10-16 00:30:00+02:00,0.0
2025-10-16 00:45:00+02:00,0.0
2025-10-16 01:00:00+02:00,0.0
2025-10-16 01:15:00+02:00,0.0
2025-10-16 01:30:00+02:00,0.0
2025-10-16 01:45:00+02:00,0.0
2025-10-16 02:00:00+02:00,0.0
2025-10-16 02:15:00+02:00,0.0
2025-10-16 02:30:00+02:00,0.0
2025-10-16 02:45:00+02:00,0.0
2025-10-16 03:00:00+02:00,0.0
2025-10-16 03:15:00+02:00,0.0
2025-10-16 03:30:00+02:00,0.0
2025-10-16 03:45:00+02:00,0.0
2025-10-16 04:00:00+02:00,0.0
2025-10-16 04:15:00+02:00,0.0
2025-10-16 04:30:00+02:00,0.0
2025-10-16 04:45:00+02:00,0.0
2025-10-16 05:00:00+02:00,0.0
2025-10-16 05:15:00+02:00,0.0
2025-10-16 05:30:00+02:00,0.0
2025-10-16 05:45:00+02:00,0.0
2025-10-16 06:00:00+02:00,0.0
2025-10-16 06:15:00+02:00,0.0
2025-10-16 06:30:00+02:00,0.0
2025-10-16 06:45:00+02:00,0.0
2025-10-16 07:00:00+02:00,0.46
2025-10-16 07:15:00+02:00,0.18
2025-10-16 07:30:00+02:00,56.93
2025-10-16 07:45:00+02:00,243.96
2025-10-16 08:00:00+02:00,708.36
2025-10-16 08:15:00+02:00,1460.35
2025-10-16 08:30:00+02:00,2386.54
2025-10-16 08:45:00+02:00,3438.06
2025-10-16 09:00:00+02:00,4589.72
2025-10-16 09:15:00+02:00,5798.35
2025-10-16 09:30:00+02:00,7008.99
2025-10-16 09:45:00+02:00,8264.27
2025-10-16 10:00:00+02:00,9547.48
2025-10-16 10:15:00+02:00,10825.14
2025-10-16 10:30:00+02:00,12048.62
2025-10-16 10:45:00+02:00,13157.03
2025-10-16 11:00:00+02:00,14202.4
2025-10-16 11:15:00+02:00,15248.41
2025-10-16 11:30:00+02:00,16158.86
2025-10-16 11:45:00+02:00,16907.13
2025-10-16 12:00:00+02:00,17584.13
2025-10-16 12:15:00+02:00,18219.27
2025-10-16 12:30:00+02:00,18619.25
2025-10-16 12:45:00+02:00,18785.34
2025-10-16 13:00:00+02:00,18890.98
2025-10-16 13:15:00+02:00,18857.9
2025-10-16 13:30:00+02:00,18673.94
2025-10-16 13:45:00+02:00,18307.59
2025-10-16 14:00:00+02:00,17900.7
2025-10-16 14:15:00+02:00,17445.71
2025-10-16 14:30:00+02:00,16821.16
2025-10-16 14:45:00+02:00,16039.4
2025-10-16 15:00:00+02:00,15175.14
2025-10-16 15:15:00+02:00,14188.16
2025-10-16 15:30:00+02:00,13063.31
2025-10-16 15:45:00+02:00,11842.88
2025-10-16 16:00:00+02:00,10592.71
2025-10-16 16:15:00+02:00,9206.95
2025-10-16 16:30:00+02:00,7817.72
2025-10-16 16:45:00+02:00,6350.58
2025-10-16 17:00:00+02:00,4896.6
2025-10-16 17:15:00+02:00,3515.23
2025-10-16 17:30:00+02:00,2275.49
2025-10-16 17:45:00+02:00,1263.64
2025-10-16 18:00:00+02:00,572.58
2025-10-16 18:15:00+02:00,219.93
2025-10-16 18:30:00+02:00,96.97
2025-10-16 18:45:00+02:00,13.29
2025-10-16 19:00:00+02:00,0.0
2025-10-16 19:15:00+02:00,0.0
2025-10-16 19:30:00+02:00,0.0
2025-10-16 19:45:00+02:00,0.0
2025-10-16 20:00:00+02:00,0.0
2025-10-16 20:15:00+02:00,0.0
2025-10-16 20:30:00+02:00,0.0
2025-10-16 20:45:00+02:00,0.0
2025-10-16 21:00:00+02:00,0.0
2025-10-16 21:15:00+02:00,0.0
2025-10-16 21:30:00+02:00,0.0
2025-10-16 21:45:00+02:00,0.0
2025-10-16 22:00:00+02:00,0.0
2025-10-16 22:15:00+02:00,0.0
2025-10-16 22:30:00+02:00,0.0
2025-10-16 22:45:00+02:00,0.0
2025-10-16 23:00:00+02:00,0.0
2025-10-16 23:15:00+02:00,0.0
2025-10-16 23:30:00+02:00,0.0
2025-10-16 23:45:00+02:00,0.0
2025-10-17 00:00:00+02:00,0.0
2025-10-17 00:15:00+02:00,0.0
2025-10-17 00:30:00+02:00,0.0
2025-10-17 00:45:00+02:00,0.0
2025-10-17 01:00:00+02:00,0.0
2025-10-17 01:15:00+02:00,0.0
2025-10-17 01:30:00+02:00,0.0
2025-10-17 01:45:00+02:00,0.0
2025-10-17 02:00:00+02:00,0.0
2025-10-17 02:15:00+02:00,0.0
2025-10-17 02:30:00+02:00,0.0
2025-10-17 02:45:00+02:00,0.0
2025-10-17 03:00:00+02:00,0.0
2025-10-17 03:15:00+02:00,0.0
2025-10-17 03:30:00+02:00,0.0
2025-10-17 03:45:00+02:00,0.0
2025-10-17 04:00:00+02:00,0.0
2025-10-17 04:15:00+02:00,0.0
2025-10-17 04:30:00+02:00,0.0
2025-10-17 04:45:00+02:00,0.0
2025-10-17 05:00:00+02:00,0.0
2025-10-17 05:15:00+02:00,0.0
2025-10-17 05:30:00+02:00,0.0
2025-10-17 05:45:00+02:00,0.0
2025-10-17 06:00:00+02:00,0.0
2025-10-17 06:15:00+02:00,0.0
2025-10-17 06:30:00+02:00,0.0
2025-10-17 06:45:00+02:00,0.0
2025-10-17 07:00:00+02:00,0.0
2025-10-17 07:15:00+02:00,0.0
2025-10-17 07:30:00+02:00,47.44
2025-10-17 07:45:00+02:00,225.95
2025-10-17 08:00:00+02:00,703.93
2025-10-17 08:15:00+02:00,1513.07
2025-10-17 08:30:00+02:00,2530.22
2025-10-17 08:45:00+02:00,3685.48
2025-10-17 09:00:00+02:00,4927.12
2025-10-17 09:15:00+02:00,6222.32
2025-10-17 09:30:00+02:00,7536.08
2025-10-17 09:45:00+02:00,8891.86
2025-10-17 10:00:00+02:00,10315.77
2025-10-17 10:15:00+02:00,11765.14
2025-10-17 10:30:00+02:00,13127.51
2025-10-17 10:45:00+02:00,14340.82
2025-10-17 11:00:00+02:00,15411.4
2025-10-17 11:15:00+02:00,16476.72
2025-10-17 11:30:00+02:00,17353.69
2025-10-17 11:45:00+02:00,18010.88
2025-10-17 12:00:00+02:00,18565.78
2025-10-17 12:15:00+02:00,19048.46
2025-10-17 12:30:00+02:00,19287.02
2025-10-17 12:45:00+02:00,19273.4
2025-10-17 13:00:00+02:00,19212.92
2025-10-17 13:15:00+02:00,19083.52
2025-10-17 13:30:00+02:00,18791.21
2025-10-17 13:45:00+02:00,18295.85
2025-10-17 14:00:00+02:00,17797.25
2025-10-17 14:15:00+02:00,17278.29
2025-10-17 14:30:00+02:00,16591.5
2025-10-17 14:45:00+02:00,15730.59
2025-10-17 15:00:00+02:00,14811.85
2025-10-17 15:15:00+02:00,13818.57
2025-10-17 15:30:00+02:00,12657.02
2025-10-17 15:45:00+02:00,11379.57
2025-10-17 16:00:00+02:00,10099.29
2025-10-17 16:15:00+02:00,8763.61
2025-10-17 16:30:00+02:00,7427.6
2025-10-17 16:45:00+02:00,6044.98
2025-10-17 17:00:00+02:00,4661.78
2025-10-17 17:15:00+02:00,3339.62
2025-10-17 17:30:00+02:00,2146.17
2025-10-17 17:45:00+02:00,1184.58
2025-10-17 18:00:00+02:00,526.74
2025-10-17 18:15:00+02:00,200.99
2025-10-17 18:30:00+02:00,87.18
2025-10-17 18:45:00+02:00,13.32
2025-10-17 19:00:00+02:00,0.0
2025-10-17 19:15:00+02:00,0.0
2025-10-17 19:30:00+02:00,0.0
2025-10-17 19:45:00+02:00,0.0
2025-10-17 20:00:00+02:00,0.0
2025-10-17 20:15:00+02:00,0.0
2025-10-17 20:30:00+02:00,0.0
2025-10-17 20:45:00+02:00,0.0
2025-10-17 21:00:00+02:00,0.0
2025-10-17 21:15:00+02:00,0.0
2025-10-17 21:30:00+02:00,0.0
2025-10-17 21:45:00+02:00,0.0
2025-10-17 22:00:00+02:00,0.0
2025-10-17 22:15:00+02:00,0.0
2025-10-17 22:30:00+02:00,0.0
2025-10-17 22:45:00+02:00,0.0
2025-10-17 23:00:00+02:00,0.0
2025-10-17 23:15:00+02:00,0.0
2025-10-17 23:30:00+02:00,0.0
2025-10-17 23:45:00+02:00,0.0
2025-10-18 00:00:00+02:00,0.0
2025-10-18 00:15:00+02:00,0.0
2025-10-18 00:30:00+02:00,0.0
2025-10-18 00:45:00+02:00,0.0
2025-10-18 01:00:00+02:00,0.0
2025-10-18 01:15:00+02:00,0.0
2025-10-18 01:30:00+02:00,0.0
2025-10-18 01:45:00+02:00,0.0
2025-10-18 02:00:00+02:00,0.0
2025-10-18 02:15:00+02:00,0.0
2025-10-18 02:30:00+02:00,0.0
2025-10-18 02:45:00+02:00,0.0
2025-10-18 03:00:00+02:00,0.0
2025-10-18 03:15:00+02:00,0.0
2025-10-18 03:30:00+02:00,0.0
2025-10-18 03:45:00+02:00,0.0
2025-10-18 04:00:00+02:00,0.0
2025-10-18 04:15:00+02:00,0.0
2025-10-18 04:30:00+02:00,0.0
2025-10-18 04:45:00+02:00,0.0
2025-10-18 05:00:00+02:00,0.0
2025-10-18 05:15:00+02:00,0.0
2025-10-18 05:30:00+02:00,0.0
2025-10-18 05:45:00+02:00,0.0
2025-10-18 06:00:00+02:00,0.0
2025-10-18 06:15:00+02:00,0.0
2025-10-18 06:30:00+02:00,0.0
2025-10-18 06:45:00+02:00,0.0
2025-10-18 07:00:00+02:00,0.0
2025-10-18 07:15:00+02:00,0.0
2025-10-18 07:30:00+02:00,74.28
2025-10-18 07:45:00+02:00,407.03
2025-10-18 08:00:00+02:00,1360.46
2025-10-18 08:15:00+02:00,2972.23
2025-10-18 08:30:00+02:00,4936.5
2025-10-18 08:45:00+02:00,7082.16
2025-10-18 09:00:00+02:00,9368.66
2025-10-18 09:15:00+02:00,11744.95
2025-10-18 09:30:00+02:00,14149.43
2025-10-18 09:45:00+02:00,16493.31
2025-10-18 10:00:00+02:00,18856.94
2025-10-18 10:15:00+02:00,21068.71
2025-10-18 10:30:00+02:00,23212.48
2025-10-18 10:45:00+02:00,25172.75
2025-10-18 11:00:00+02:00,26911.77
2025-10-18 11:15:00+02:00,28525.7
2025-10-18 11:30:00+02:00,29883.69
2025-10-18 11:45:00+02:00,30942.03
2025-10-18 12:00:00+02:00,31823.68
2025-10-18 12:15:00+02:00,32487.73
2025-10-18 12:30:00+02:00,32910.93
2025-10-18 12:45:00+02:00,33090.36
2025-10-18 13:00:00+02:00,33032.83
2025-10-18 13:15:00+02:00,32761.66
2025-10-18 13:30:00+02:00,32360.51
2025-10-18 13:45:00+02:00,31824.88
2025-10-18 14:00:00+02:00,31170.75
2025-10-18 14:15:00+02:00,30323.24
2025-10-18 14:30:00+02:00,29225.85
2025-10-18 14:45:00+02:00,27877.99
2025-10-18 15:00:00+02:00,26295.22
2025-10-18 15:15:00+02:00,24450.8
2025-10-18 15:30:00+02:00,22426.77
2025-10-18 15:45:00+02:00,20234.46
2025-10-18 16:00:00+02:00,17886.09
2025-10-18 16:15:00+02:00,15385.24
2025-10-18 16:30:00+02:00,12812.38
2025-10-18 16:45:00+02:00,10254.64
2025-10-18 17:00:00+02:00,7753.35
2025-10-18 17:15:00+02:00,5436.7
2025-10-18 17:30:00+02:00,3373.12
2025-10-18 17:45:00+02:00,1724.77
2025-10-18 18:00:00+02:00,686.01
2025-10-18 18:15:00+02:00,248.74
2025-10-18 18:30:00+02:00,113.57
2025-10-18 18:45:00+02:00,16.47
2025-10-18 19:00:00+02:00,0.0
2025-10-18 19:15:00+02:00,0.0
2025-10-18 19:30:00+02:00,0.0
2025-10-18 19:45:00+02:00,0.0
2025-10-18 20:00:00+02:00,0.0
2025-10-18 20:15:00+02:00,0.0
2025-10-18 20:30:00+02:00,0.0
2025-10-18 20:45:00+02:00,0.0
2025-10-18 21:00:00+02:00,0.0
2025-10-18 21:15:00+02:00,0.0
2025-10-18 21:30:00+02:00,0.0
2025-10-18 21:45:00+02:00,0.0
2025-10-18 22:00:00+02:00,0.0
2025-10-18 22:15:00+02:00,0.0
2025-10-18 22:30:00+02:00,0.0
2025-10-18 22:45:00+02:00,0.0
2025-10-18 23:00:00+02:00,0.0
2025-10-18 23:15:00+02:00,0.0
2025-10-18 23:30:00+02:00,0.0
2025-10-18 23:45:00+02:00,0.0
2025-10-19 00:00:00+02:00,0.0
2025-10-19 00:15:00+02:00,0.0
2025-10-19 00:30:00+02:00,0.0
2025-10-19 00:45:00+02:00,0.0
2025-10-19 01:00:00+02:00,0.0
2025-10-19 01:15:00+02:00,0.0
2025-10-19 01:30:00+02:00,0.0
2025-10-19 01:45:00+02:00,0.0
2025-10-19 02:00:00+02:00,0.0
2025-10-19 02:15:00+02:00,0.0
2025-10-19 02:30:00+02:00,0.0
2025-10-19 02:45:00+02:00,0.0
2025-10-19 03:00:00+02:00,0.0
2025-10-19 03:15:00+02:00,0.0
2025-10-19 03:30:00+02:00,0.0
2025-10-19 03:45:00+02:00,0.0
2025-10-19 04:00:00+02:00,0.0
2025-10-19 04:15:00+02:00,0.0
2025-10-19 04:30:00+02:00,0.0
2025-10-19 04:45:00+02:00,0.0
2025-10-19 05:00:00+02:00,0.0
2025-10-19 05:15:00+02:00,0.0
2025-10-19 05:30:00+02:00,0.0
2025-10-19 05:45:00+02:00,0.0
2025-10-19 06:00:00+02:00,0.0
2025-10-19 06:15:00+02:00,0.0
2025-10-19 06:30:00+02:00,0.0
2025-10-19 06:45:00+02:00,0.0
2025-10-19 07:00:00+02:00,0.0
2025-10-19 07:15:00+02:00,0.0
2025-10-19 07:30:00+02:00,10.16
2025-10-19 07:45:00+02:00,338.81
2025-10-19 08:00:00+02:00,996.75
2025-10-19 08:15:00+02:00,2082.78
2025-10-19 08:30:00+02:00,3437.48
2025-10-19 08:45:00+02:00,4961.73
2025-10-19 09:00:00+02:00,6593.56
2025-10-19 09:15:00+02:00,8270.94
2025-10-19 09:30:00+02:00,9957.5
2025-10-19 09:45:00+02:00,11641.49
2025-10-19 10:00:00+02:00,13285.85
2025-10-19 10:15:00+02:00,14898.53
2025-10-19 10:30:00+02:00,16494.52
2025-10-19 10:45:00+02:00,18062.07
2025-10-19 11:00:00+02:00,19605.81
2025-10-19 11:15:00+02:00,21065.36
2025-10-19 11:30:00+02:00,22393.03
2025-10-19 11:45:00+02:00,23567.79
2025-10-19 12:00:00+02:00,24610.53
2025-10-19 12:15:00+02:00,25475.53
2025-10-19 12:30:00+02:00,26106.11
2025-10-19 12:45:00+02:00,26503.17
2025-10-19 13:00:00+02:00,26689.54
2025-10-19 13:15:00+02:00,26695.78
2025-10-19 13:30:00+02:00,26426.45
2025-10-19 13:45:00+02:00,25882.92
2025-10-19 14:00:00+02:00,25163.84
2025-10-19 14:15:00+02:00,24257.56
2025-10-19 14:30:00+02:00,23102.54
2025-10-19 14:45:00+02:00,21737.54
2025-10-19 15:00:00+02:00,20237.28
2025-10-19 15:15:00+02:00,18568.25
2025-10-19 15:30:00+02:00,16797.81
2025-10-19 15:45:00+02:00,14929.99
2025-10-19 16:00:00+02:00,13004.41
2025-10-19 16:15:00+02:00,11050.46
2025-10-19 16:30:00+02:00,9112.85
2025-10-19 16:45:00+02:00,7229.85
2025-10-19 17:00:00+02:00,5399.15
2025-10-19 17:15:00+02:00,3713.9
2025-10-19 17:30:00+02:00,2228.62
2025-10-19 17:45:00+02:00,1089.75
2025-10-19 18:00:00+02:00,419.37
2025-10-19 18:15:00+02:00,147.21
2025-10-19 18:30:00+02:00,84.35
2025-10-19 18:45:00+02:00,3.93
2025-10-19 19:00:00+02:00,0.0
2025-10-19 19:15:00+02:00,0.0
2025-10-19 19:30:00+02:00,0.0
2025-10-19 19:45:00+02:00,0.0
2025-10-19 20:00:00+02:00,0.0
2025-10-19 20:15:00+02:00,0.0
2025-10-19 20:30:00+02:00,0.0
2025-10-19 20:45:00+02:00,0.0
2025-10-19 21:00:00+02:00,0.0
2025-10-19 21:15:00+02:00,0.0
2025-10-19 21:30:00+02:00,0.0
2025-10-19 21:45:00+02:00,0.0
2025-10-19 22:00:00+02:00,0.0
2025-10-19 22:15:00+02:00,0.0
2025-10-19 22:30:00+02:00,0.0
2025-10-19 22:45:00+02:00,0.0
2025-10-19 23:00:00+02:00,0.0
2025-10-19 23:15:00+02:00,0.0
2025-10-19 23:30:00+02:00,0.0
2025-10-19 23:45:00+02:00,0.0
2025-10-20 00:00:00+02:00,0.0
2025-10-20 00:15:00+02:00,0.0
2025-10-20 00:30:00+02:00,0.0
2025-10-20 00:45:00+02:00,0.0
2025-10-20 01:00:00+02:00,0.0
2025-10-20 01:15:00+02:00,0.0
2025-10-20 01:30:00+02:00,0.0
2025-10-20 01:45:00+02:00,0.0
2025-10-20 02:00:00+02:00,0.0
2025-10-20 02:15:00+02:00,0.0
2025-10-20 02:30:00+02:00,0.0
2025-10-20 02:45:00+02:00,0.0
2025-10-20 03:00:00+02:00,0.0
2025-10-20 03:15:00+02:00,0.0
2025-10-20 03:30:00+02:00,0.0
2025-10-20 03:45:00+02:00,0.0
2025-10-20 04:00:00+02:00,0.0
2025-10-20 04:15:00+02:00,0.0
2025-10-20 04:30:00+02:00,0.0
2025-10-20 04:45:00+02:00,0.0
2025-10-20 05:00:00+02:00,0.0
2025-10-20 05:15:00+02:00,0.0
2025-10-20 05:30:00+02:00,0.0
2025-10-20 05:45:00+02:00,0.0
2025-10-20 06:00:00+02:00,0.0
2025-10-20 06:15:00+02:00,0.0
2025-10-20 06:30:00+02:00,0.0
2025-10-20 06:45:00+02:00,0.0
2025-10-20 07:00:00+02:00,0.0
2025-10-20 07:15:00+02:00,0.0
2025-10-20 07:30:00+02:00,7.21
2025-10-20 07:45:00+02:00,324.04
2025-10-20 08:00:00+02:00,968.42
2025-10-20 08:15:00+02:00,2001.62
2025-10-20 08:30:00+02:00,3243.6
2025-10-20 08:45:00+02:00,4621.54
2025-10-20 09:00:00+02:00,6091.35
2025-10-20 09:15:00+02:00,7596.86
2025-10-20 09:30:00+02:00,9063.53
2025-10-20 09:45:00+02:00,10423.75
2025-10-20 10:00:00+02:00,11700.54
2025-10-20 10:15:00+02:00,12896.24
2025-10-20 10:30:00+02:00,13964.99
2025-10-20 10:45:00+02:00,14898.8
2025-10-20 11:00:00+02:00,15724.51
2025-10-20 11:15:00+02:00,16446.1
2025-10-20 11:30:00+02:00,16995.87
2025-10-20 11:45:00+02:00,17373.3
2025-10-20 12:00:00+02:00,17637.03
2025-10-20 12:15:00+02:00,17796.83
2025-10-20 12:30:00+02:00,17793.98
2025-10-20 12:45:00+02:00,17617.24
2025-10-20 13:00:00+02:00,17367.07
2025-10-20 13:15:00+02:00,17015.68
2025-10-20 13:30:00+02:00,16535.71
2025-10-20 13:45:00+02:00,15888.6
2025-10-20 14:00:00+02:00,15208.49
2025-10-20 14:15:00+02:00,14506.1
2025-10-20 14:30:00+02:00,13702.77
2025-10-20 14:45:00+02:00,12800.54
2025-10-20 15:00:00+02:00,11840.9
2025-10-20 15:15:00+02:00,10838.7
2025-10-20 15:30:00+02:00,9785.03
2025-10-20 15:45:00+02:00,8688.37
2025-10-20 16:00:00+02:00,7596.96
2025-10-20 16:15:00+02:00,6433.17
2025-10-20 16:30:00+02:00,5317.38
2025-10-20 16:45:00+02:00,4205.94
2025-10-20 17:00:00+02:00,3122.56
2025-10-20 17:15:00+02:00,2137.91
2025-10-20 17:30:00+02:00,1314.67
2025-10-20 17:45:00+02:00,686.83
2025-10-20 18:00:00+02:00,303.71
2025-10-20 18:15:00+02:00,131.7
2025-10-20 18:30:00+02:00,39.98
2025-10-20 18:45:00+02:00,3.7
2025-10-20 19:00:00+02:00,0.0
2025-10-20 19:15:00+02:00,0.0
2025-10-20 19:30:00+02:00,0.0
2025-10-20 19:45:00+02:00,0.0
2025-10-20 20:00:00+02:00,0.0
2025-10-20 20:15:00+02:00,0.0
2025-10-20 20:30:00+02:00,0.0
2025-10-20 20:45:00+02:00,0.0
2025-10-20 21:00:00+02:00,0.0
2025-10-20 21:15:00+02:00,0.0
2025-10-20 21:30:00+02:00,0.0
2025-10-20 21:45:00+02:00,0.0
2025-10-20 22:00:00+02:00,0.0
2025-10-20 22:15:00+02:00,0.0
2025-10-20 22:30:00+02:00,0.0
2025-10-20 22:45:00+02:00,0.0
2025-10-20 23:00:00+02:00,0.0
2025-10-20 23:15:00+02:00,0.0
2025-10-20 23:30:00+02:00,0.0
2025-10-20 23:45:00+02:00,0.0
2025-10-21 00:00:00+02:00,0.0
2025-10-21 00:15:00+02:00,0.0
2025-10-21 00:30:00+02:00,0.0
2025-10-21 00:45:00+02:00,0.0
2025-10-21 01:00:00+02:00,0.0
2025-10-21 01:15:00+02:00,0.0
2025-10-21 01:30:00+02:00,0.0
2025-10-21 01:45:00+02:00,0.0
2025-10-21 02:00:00+02:00,0.0
2025-10-21 02:15:00+02:00,0.0
2025-10-21 02:30:00+02:00,0.0
2025-10-21 02:45:00+02:00,0.0
2025-10-21 03:00:00+02:00,0.0
2025-10-21 03:15:00+02:00,0.0
2025-10-21 03:30:00+02:00,0.0
2025-10-21 03:45:00+02:00,0.0
2025-10-21 04:00:00+02:00,0.0
2025-10-21 04:15:00+02:00,0.0
2025-10-21 04:30:00+02:00,0.0
2025-10-21 04:45:00+02:00,0.0
2025-10-21 05:00:00+02:00,0.0
2025-10-21 05:15:00+02:00,0.0
2025-10-21 05:30:00+02:00,0.0
2025-10-21 05:45:00+02:00,0.0
2025-10-21 06:00:00+02:00,0.0
2025-10-21 06:15:00+02:00,0.0
2025-10-21 06:30:00+02:00,0.0
2025-10-21 06:45:00+02:00,0.0
2025-10-21 07:00:00+02:00,0.0
2025-10-21 07:15:00+02:00,0.0
2025-10-21 07:30:00+02:00,2.26
2025-10-21 07:45:00+02:00,187.95
2025-10-21 08:00:00+02:00,709.07
2025-10-21 08:15:00+02:00,1690.57
2025-10-21 08:30:00+02:00,2941.83
2025-10-21 08:45:00+02:00,4377.42
2025-10-21 09:00:00+02:00,5930.07
2025-10-21 09:15:00+02:00,7553.0
2025-10-21 09:30:00+02:00,9196.01
2025-10-21 09:45:00+02:00,10835.29
2025-10-21 10:00:00+02:00,12453.53
2025-10-21 10:15:00+02:00,14013.25
2025-10-21 10:30:00+02:00,15410.98
2025-10-21 10:45:00+02:00,16620.08
2025-10-21 11:00:00+02:00,17656.76
2025-10-21 11:15:00+02:00,18606.52
2025-10-21 11:30:00+02:00,19401.75
2025-10-21 11:45:00+02:00,20053.51
2025-10-21 12:00:00+02:00,20613.89
2025-10-21 12:15:00+02:00,21072.7
2025-10-21 12:30:00+02:00,21349.97
2025-10-21 12:45:00+02:00,21427.93
2025-10-21 13:00:00+02:00,21383.01
2025-10-21 13:15:00+02:00,21198.82
2025-10-21 13:30:00+02:00,20857.13
2025-10-21 13:45:00+02:00,20328.47
2025-10-21 14:00:00+02:00,19734.34
2025-10-21 14:15:00+02:00,19084.31
2025-10-21 14:30:00+02:00,18354.92
2025-10-21 14:45:00+02:00,17528.19
2025-10-21 15:00:00+02:00,16576.48
2025-10-21 15:15:00+02:00,15475.65
2025-10-21 15:30:00+02:00,14250.12
2025-10-21 15:45:00+02:00,12888.78
2025-10-21 16:00:00+02:00,11442.64
2025-10-21 16:15:00+02:00,9833.69
2025-10-21 16:30:00+02:00,8158.39
2025-10-21 16:45:00+02:00,6429.69
2025-10-21 17:00:00+02:00,4719.49
2025-10-21 17:15:00+02:00,3179.11
2025-10-21 17:30:00+02:00,1858.76
2025-10-21 17:45:00+02:00,852.05
2025-10-21 18:00:00+02:00,281.57
2025-10-21 18:15:00+02:00,70.93
2025-10-21 18:30:00+02:00,17.03
2025-10-21 18:45:00+02:00,0.0
2025-10-21 19:00:00+02:00,0.0
2025-10-21 19:15:00+02:00,0.0
2025-10-21 19:30:00+02:00,0.0
2025-10-21 19:45:00+02:00,0.0
2025-10-21 20:00:00+02:00,0.0
2025-10-21 20:15:00+02:00,0.0
2025-10-21 20:30:00+02:00,0.0
2025-10-21 20:45:00+02:00,0.0
2025-10-21 21:00:00+02:00,0.0
2025-10-21 21:15:00+02:00,0.0
2025-10-21 21:30:00+02:00,0.0
2025-10-21 21:45:00+02:00,0.0
2025-10-21 22:00:00+02:00,0.0
2025-10-21 22:15:00+02:00,0.0
2025-10-21 22:30:00+02:00,0.0
2025-10-21 22:45:00+02:00,0.0
2025-10-21 23:00:00+02:00,0.0
2025-10-21 23:15:00+02:00,0.0
2025-10-21 23:30:00+02:00,0.0
2025-10-21 23:45:00+02:00,0.0
2025-10-22 00:00:00+02:00,0.0
2025-10-22 00:15:00+02:00,0.0
2025-10-22 00:30:00+02:00,0.0
2025-10-22 00:45:00+02:00,0.0
2025-10-22 01:00:00+02:00,0.0
2025-10-22 01:15:00+02:00,0.0
2025-10-22 01:30:00+02:00,0.0
2025-10-22 01:45:00+02:00,0.0
2025-10-22 02:00:00+02:00,0.0
2025-10-22 02:15:00+02:00,0.0
2025-10-22 02:30:00+02:00,0.0
2025-10-22 02:45:00+02:00,0.0
2025-10-22 03:00:00+02:00,0.0
2025-10-22 03:15:00+02:00,0.0
2025-10-22 03:30:00+02:00,0.0
2025-10-22 03:45:00+02:00,0.0
2025-10-22 04:00:00+02:00,0.0
2025-10-22 04:15:00+02:00,0.0
2025-10-22 04:30:00+02:00,0.0
2025-10-22 04:45:00+02:00,0.0
2025-10-22 05:00:00+02:00,0.0
2025-10-22 05:15:00+02:00,0.0
2025-10-22 05:30:00+02:00,0.0
2025-10-22 05:45:00+02:00,0.0
2025-10-22 06:00:00+02:00,0.0
2025-10-22 06:15:00+02:00,0.0
2025-10-22 06:30:00+02:00,0.0
2025-10-22 06:45:00+02:00,0.0
2025-10-22 07:00:00+02:00,0.0
2025-10-22 07:15:00+02:00,0.0
2025-10-22 07:30:00+02:00,0.57
2025-10-22 07:45:00+02:00,84.91
2025-10-22 08:00:00+02:00,347.52
2025-10-22 08:15:00+02:00,811.06
2025-10-22 08:30:00+02:00,1457.67
2025-10-22 08:45:00+02:00,2243.5
2025-10-22 09:00:00+02:00,3121.01
2025-10-22 09:15:00+02:00,4058.87
2025-10-22 09:30:00+02:00,5010.82
2025-10-22 09:45:00+02:00,5961.31
2025-10-22 10:00:00+02:00,6923.46
2025-10-22 10:15:00+02:00,7904.57
2025-10-22 10:30:00+02:00,8805.55
2025-10-22 10:45:00+02:00,9602.18
2025-10-22 11:00:00+02:00,10366.73
2025-10-22 11:15:00+02:00,11138.62
2025-10-22 11:30:00+02:00,11747.81
2025-10-22 11:45:00+02:00,12176.36
2025-10-22 12:00:00+02:00,12590.33
2025-10-22 12:15:00+02:00,12987.81
2025-10-22 12:30:00+02:00,13239.75
2025-10-22 12:45:00+02:00,13336.21
2025-10-22 13:00:00+02:00,13413.58
2025-10-22 13:15:00+02:00,13461.47
2025-10-22 13:30:00+02:00,13374.21
2025-10-22 13:45:00+02:00,13159.01
2025-10-22 14:00:00+02:00,12952.93
2025-10-22 14:15:00+02:00,12741.86
2025-10-22 14:30:00+02:00,12364.51
2025-10-22 14:45:00+02:00,11809.77
2025-10-22 15:00:00+02:00,11207.31
2025-10-22 15:15:00+02:00,10532.85
2025-10-22 15:30:00+02:00,9734.21
2025-10-22 15:45:00+02:00,8840.32
2025-10-22 16:00:00+02:00,7881.24
2025-10-22 16:15:00+02:00,6814.75
2025-10-22 16:30:00+02:00,5646.51
2025-10-22 16:45:00+02:00,4425.19
2025-10-22 17:00:00+02:00,3240.72
2025-10-22 17:15:00+02:00,2171.58
2025-10-22 17:30:00+02:00,1264.26
2025-10-22 17:45:00+02:00,584.14
2025-10-22 18:00:00+02:00,200.09
2025-10-22 18:15:00+02:00,63.63
2025-10-22 18:30:00+02:00,7.9
2025-10-22 18:45:00+02:00,2.9
2025-10-22 19:00:00+02:00,0.0
2025-10-22 19:15:00+02:00,0.0
2025-10-22 19:30:00+02:00,0.0
2025-10-22 19:45:00+02:00,0.0
2025-10-22 20:00:00+02:00,0.0
2025-10-22 20:15:00+02:00,0.0
2025-10-22 20:30:00+02:00,0.0
2025-10-22 20:45:00+02:00,0.0
2025-10-22 21:00:00+02:00,0.0
2025-10-22 21:15:00+02:00,0.0
2025-10-22 21:30:00+02:00,0.0
2025-10-22 21:45:00+02:00,0.0
2025-10-22 22:00:00+02:00,0.0
2025-10-22 22:15:00+02:00,0.0
2025-10-22 22:30:00+02:00,0.0
2025-10-22 22:45:00+02:00,0.0
2025-10-22 23:00:00+02:00,0.0
2025-10-22 23:15:00+02:00,0.0
2025-10-22 23:30:00+02:00,0.0
2025-10-22 23:45:00+02:00,0.0
2025-10-23 00:00:00+02:00,0.0
2025-10-23 00:15:00+02:00,0.0
2025-10-23 00:30:00+02:00,0.0
2025-10-23 00:45:00+02:00,0.0
2025-10-23 01:00:00+02:00,0.0
2025-10-23 01:15:00+02:00,0.0
2025-10-23 01:30:00+02:00,0.0
2025-10-23 01:45:00+02:00,0.0
2025-10-23 02:00:00+02:00,0.0
2025-10-23 02:15:00+02:00,0.0
2025-10-23 02:30:00+02:00,0.0
2025-10-23 02:45:00+02:00,0.0
2025-10-23 03:00:00+02:00,0.0
2025-10-23 03:15:00+02:00,0.0
2025-10-23 03:30:00+02:00,0.0
2025-10-23 03:45:00+02:00,0.0
2025-10-23 04:00:00+02:00,0.0
2025-10-23 04:15:00+02:00,0.0
2025-10-23 04:30:00+02:00,0.0
2025-10-23 04:45:00+02:00,0.0
2025-10-23 05:00:00+02:00,0.0
2025-10-23 05:15:00+02:00,0.0
2025-10-23 05:30:00+02:00,0.0
2025-10-23 05:45:00+02:00,0.0
2025-10-23 06:00:00+02:00,0.0
2025-10-23 06:15:00+02:00,0.0
2025-10-23 06:30:00+02:00,0.0
2025-10-23 06:45:00+02:00,0.0
2025-10-23 07:00:00+02:00,0.0
2025-10-23 07:15:00+02:00,0.0
2025-10-23 07:30:00+02:00,1.19
2025-10-23 07:45:00+02:00,52.67
2025-10-23 08:00:00+02:00,239.29
2025-10-23 08:15:00+02:00,555.07
2025-10-23 08:30:00+02:00,1007.01
2025-10-23 08:45:00+02:00,1558.94
2025-10-23 09:00:00+02:00,2204.2
2025-10-23 09:15:00+02:00,2889.27
2025-10-23 09:30:00+02:00,3586.42
2025-10-23 09:45:00+02:00,4284.14
2025-10-23 10:00:00+02:00,5087.29
2025-10-23 10:15:00+02:00,5883.21
2025-10-23 10:30:00+02:00,6638.96
2025-10-23 10:45:00+02:00,7341.61
2025-10-23 11:00:00+02:00,7982.0
2025-10-23 11:15:00+02:00,8710.04
2025-10-23 11:30:00+02:00,9341.39
2025-10-23 11:45:00+02:00,9855.86
2025-10-23 12:00:00+02:00,10381.78
2025-10-23 12:15:00+02:00,10960.49
2025-10-23 12:30:00+02:00,11349.27
2025-10-23 12:45:00+02:00,11501.67
2025-10-23 13:00:00+02:00,11572.69
2025-10-23 13:15:00+02:00,11583.1
2025-10-23 13:30:00+02:00,11492.62
2025-10-23 13:45:00+02:00,11359.82
2025-10-23 14:00:00+02:00,11224.44
2025-10-23 14:15:00+02:00,11034.45
2025-10-23 14:30:00+02:00,10687.24
2025-10-23 14:45:00+02:00,10190.41
2025-10-23 15:00:00+02:00,9621.59
2025-10-23 15:15:00+02:00,8981.19
2025-10-23 15:30:00+02:00,8242.9
2025-10-23 15:45:00+02:00,7388.18
2025-10-23 16:00:00+02:00,6480.91
2025-10-23 16:15:00+02:00,5516.77
2025-10-23 16:30:00+02:00,4496.9
2025-10-23 16:45:00+02:00,3478.3
2025-10-23 17:00:00+02:00,2541.72
2025-10-23 17:15:00+02:00,1714.47
2025-10-23 17:30:00+02:00,1002.51
2025-10-23 17:45:00+02:00,448.43
2025-10-23 18:00:00+02:00,144.6
2025-10-23 18:15:00+02:00,49.77
2025-10-23 18:30:00+02:00,0.0
2025-10-23 18:45:00+02:00,0.0
2025-10-23 19:00:00+02:00,0.0
2025-10-23 19:15:00+02:00,0.0
2025-10-23 19:30:00+02:00,0.0
2025-10-23 19:45:00+02:00,0.0
2025-10-23 20:00:00+02:00,0.0
2025-10-23 20:15:00+02:00,0.0
2025-10-23 20:30:00+02:00,0.0
2025-10-23 20:45:00+02:00,0.0
2025-10-23 21:00:00+02:00,0.0
2025-10-23 21:15:00+02:00,0.0
2025-10-23 21:30:00+02:00,0.0
2025-10-23 21:45:00+02:00,0.0
2025-10-23 22:00:00+02:00,0.0
2025-10-23 22:15:00+02:00,0.0
2025-10-23 22:30:00+02:00,0.0
2025-10-23 22:45:00+02:00,0.0
2025-10-23 23:00:00+02:00,0.0
2025-10-23 23:15:00+02:00,0.0
2025-10-23 23:30:00+02:00,0.0
2025-10-23 23:45:00+02:00,0.0
2025-10-24 00:00:00+02:00,0.0
2025-10-24 00:15:00+02:00,0.0
2025-10-24 00:30:00+02:00,0.0
2025-10-24 00:45:00+02:00,0.0
2025-10-24 01:00:00+02:00,0.0
2025-10-24 01:15:00+02:00,0.0
2025-10-24 01:30:00+02:00,0.0
2025-10-24 01:45:00+02:00,0.0
2025-10-24 02:00:00+02:00,0.0
2025-10-24 02:15:00+02:00,0.0
2025-10-24 02:30:00+02:00,0.0
2025-10-24 02:45:00+02:00,0.0
2025-10-24 03:00:00+02:00,0.0
2025-10-24 03:15:00+02:00,0.0
2025-10-24 03:30:00+02:00,0.0
2025-10-24 03:45:00+02:00,0.0
2025-10-24 04:00:00+02:00,0.0
2025-10-24 04:15:00+02:00,0.0
2025-10-24 04:30:00+02:00,0.0
2025-10-24 04:45:00+02:00,0.0
2025-10-24 05:00:00+02:00,0.0
2025-10-24 05:15:00+02:00,0.0
2025-10-24 05:30:00+02:00,0.0
2025-10-24 05:45:00+02:00,0.0
2025-10-24 06:00:00+02:00,0.0
2025-10-24 06:15:00+02:00,0.0
2025-10-24 06:30:00+02:00,0.0
2025-10-24 06:45:00+02:00,0.0
2025-10-24 07:00:00+02:00,0.0
2025-10-24 07:15:00+02:00,0.0
2025-10-24 07:30:00+02:00,2.007
2025-10-24 07:45:00+02:00,72.66314
2025-10-24 08:00:00+02:00,378.95587
2025-10-24 08:15:00+02:00,995.80288
2025-10-24 08:30:00+02:00,1861.93898
2025-10-24 08:45:00+02:00,2881.16416
2025-10-24 09:00:00+02:00,4010.08306
2025-10-24 09:15:00+02:00,5225.91347
2025-10-24 09:30:00+02:00,6480.27916
2025-10-24 09:45:00+02:00,7718.27699
2025-10-24 10:00:00+02:00,8978.78974
2025-10-24 10:15:00+02:00,10252.03994
2025-10-24 10:30:00+02:00,11519.97211
2025-10-24 10:45:00+02:00,12746.34088
2025-10-24 11:00:00+02:00,13909.03048
2025-10-24 11:15:00+02:00,15070.63177
2025-10-24 11:30:00+02:00,16087.72556
2025-10-24 11:45:00+02:00,16949.50484
2025-10-24 12:00:00+02:00,17811.51587
2025-10-24 12:15:00+02:00,18671.67682
2025-10-24 12:30:00+02:00,19330.68042
2025-10-24 12:45:00+02:00,19731.52919
2025-10-24 13:00:00+02:00,19987.49191
2025-10-24 13:15:00+02:00,20090.19851
2025-10-24 13:30:00+02:00,19928.41658
2025-10-24 13:45:00+02:00,19476.1854
2025-10-24 14:00:00+02:00,19040.22774
2025-10-24 14:15:00+02:00,18610.60822
2025-10-24 14:30:00+02:00,18008.80603
2025-10-24 14:45:00+02:00,17250.7532
2025-10-24 15:00:00+02:00,16379.07238
2025-10-24 15:15:00+02:00,15344.62335
2025-10-24 15:30:00+02:00,14116.60503
2025-10-24 15:45:00+02:00,12764.63269
2025-10-24 16:00:00+02:00,11341.66818
2025-10-24 16:15:00+02:00,9769.04697
2025-10-24 16:30:00+02:00,8090.33649
2025-10-24 16:45:00+02:00,6348.91127
2025-10-24 17:00:00+02:00,4644.8078
2025-10-24 17:15:00+02:00,3085.34117
2025-10-24 17:30:00+02:00,1715.47175
2025-10-24 17:45:00+02:00,707.4093
2025-10-24 18:00:00+02:00,190.06227
2025-10-24 18:15:00+02:00,29.17578
2025-10-24 18:30:00+02:00,0.0
2025-10-24 18:45:00+02:00,0.0
2025-10-24 19:00:00+02:00,0.0
2025-10-24 19:15:00+02:00,0.0
2025-10-24 19:30:00+02:00,0.0
2025-10-24 19:45:00+02:00,0.0
2025-10-24 20:00:00+02:00,0.0
2025-10-24 20:15:00+02:00,0.0
2025-10-24 20:30:00+02:00,0.0
2025-10-24 20:45:00+02:00,0.0
2025-10-24 21:00:00+02:00,0.0
2025-10-24 21:15:00+02:00,0.0
2025-10-24 21:30:00+02:00,0.0
2025-10-24 21:45:00+02:00,0.0
2025-10-24 22:00:00+02:00,0.0
2025-10-24 22:15:00+02:00,0.0
2025-10-24 22:30:00+02:00,0.0
2025-10-24 22:45:00+02:00,0.0
2025-10-24 23:00:00+02:00,0.0
2025-10-24 23:15:00+02:00,0.0
2025-10-24 23:30:00+02:00,0.0
2025-10-24 23:45:00+02:00,0.0
2025-10-25 00:00:00+02:00,0.0
2025-10-25 00:15:00+02:00,0.0
2025-10-25 00:30:00+02:00,0.0
2025-10-25 00:45:00+02:00,0.0
2025-10-25 01:00:00+02:00,0.0
2025-10-25 01:15:00+02:00,0.0
2025-10-25 01:30:00+02:00,0.0
2025-10-25 01:45:00+02:00,0.0
2025-10-25 02:00:00+02:00,0.0
2025-10-25 02:15:00+02:00,0.0
2025-10-25 02:30:00+02:00,0.0
2025-10-25 02:45:00+02:00,0.0
2025-10-25 03:00:00+02:00,0.0
2025-10-25 03:15:00+02:00,0.0
2025-10-25 03:30:00+02:00,0.0
2025-10-25 03:45:00+02:00,0.0
2025-10-25 04:00:00+02:00,0.0
2025-10-25 04:15:00+02:00,0.0
2025-10-25 04:30:00+02:00,0.0
2025-10-25 04:45:00+02:00,0.0
2025-10-25 05:00:00+02:00,0.0
2025-10-25 05:15:00+02:00,0.0
2025-10-25 05:30:00+02:00,0.0
2025-10-25 05:45:00+02:00,0.0
2025-10-25 06:00:00+02:00,0.0
2025-10-25 06:15:00+02:00,0.0
2025-10-25 06:30:00+02:00,0.0
2025-10-25 06:45:00+02:00,0.0
2025-10-25 07:00:00+02:00,0.0
2025-10-25 07:15:00+02:00,0.0
2025-10-25 07:30:00+02:00,0.0
2025-10-25 07:45:00+02:00,58.83941
2025-10-25 08:00:00+02:00,335.98672
2025-10-25 08:15:00+02:00,882.45766
2025-10-25 08:30:00+02:00,1644.59408
2025-10-25 08:45:00+02:00,2553.86822
2025-10-25 09:00:00+02:00,3568.27388
2025-10-25 09:15:00+02:00,4645.59813
2025-10-25 09:30:00+02:00,5740.73397
2025-10-25 09:45:00+02:00,6797.93589
2025-10-25 10:00:00+02:00,7856.90301
2025-10-25 10:15:00+02:00,8896.71291
2025-10-25 10:30:00+02:00,9744.65377
2025-10-25 10:45:00+02:00,10354.67181
2025-10-25 11:00:00+02:00,10911.18965
2025-10-25 11:15:00+02:00,11443.83208
2025-10-25 11:30:00+02:00,11767.83776
2025-10-25 11:45:00+02:00,11902.19024
2025-10-25 12:00:00+02:00,12043.98367
2025-10-25 12:15:00+02:00,12182.73995
2025-10-25 12:30:00+02:00,12166.84728
2025-10-25 12:45:00+02:00,11985.56708
2025-10-25 13:00:00+02:00,11855.66359
2025-10-25 13:15:00+02:00,11745.21922
2025-10-25 13:30:00+02:00,11541.18788
2025-10-25 13:45:00+02:00,11233.93566
2025-10-25 14:00:00+02:00,10927.46211
2025-10-25 14:15:00+02:00,10588.47118
2025-10-25 14:30:00+02:00,10108.82988
2025-10-25 14:45:00+02:00,9515.44534
2025-10-25 15:00:00+02:00,8913.29212
2025-10-25 15:15:00+02:00,8302.34021
2025-10-25 15:30:00+02:00,7576.69925
2025-10-25 15:45:00+02:00,6752.0687
2025-10-25 16:00:00+02:00,5906.51827
2025-10-25 16:15:00+02:00,5005.27009
2025-10-25 16:30:00+02:00,4053.23157
2025-10-25 16:45:00+02:00,3099.31146
2025-10-25 17:00:00+02:00,2222.62702
2025-10-25 17:15:00+02:00,1442.97373
2025-10-25 17:30:00+02:00,790.04763
2025-10-25 17:45:00+02:00,332.17946
2025-10-25 18:00:00+02:00,94.53835
2025-10-25 18:15:00+02:00,29.46274
2025-10-25 18:30:00+02:00,0.0
2025-10-25 18:45:00+02:00,0.0
2025-10-25 19:00:00+02:00,0.0
2025-10-25 19:15:00+02:00,0.0
2025-10-25 19:30:00+02:00,0.0
2025-10-25 19:45:00+02:00,0.0
2025-10-25 20:00:00+02:00,0.0
2025-10-25 20:15:00+02:00,0.0
2025-10-25 20:30:00+02:00,0.0
2025-10-25 20:45:00+02:00,0.0
2025-10-25 21:00:00+02:00,0.0
2025-10-25 21:15:00+02:00,0.0
2025-10-25 21:30:00+02:00,0.0
2025-10-25 21:45:00+02:00,0.0
2025-10-25 22:00:00+02:00,0.0
2025-10-25 22:15:00+02:00,0.0
2025-10-25 22:30:00+02:00,0.0
2025-10-25 22:45:00+02:00,0.0
2025-10-25 23:00:00+02:00,0.0
2025-10-25 23:15:00+02:00,0.0
2025-10-25 23:30:00+02:00,0.0
2025-10-25 23:45:00+02:00,0.0
2025-10-26 01:00:00+02:00,0.0
2025-10-26 01:15:00+02:00,0.0
2025-10-26 01:30:00+02:00,0.0
2025-10-26 01:45:00+02:00,0.0
2025-10-26 02:00:00+02:00,0.0
2025-10-26 02:15:00+02:00,0.0
2025-10-26 02:30:00+02:00,0.0
2025-10-26 02:45:00+02:00,0.0
2025-10-26 02:00:00+01:00,0.0
2025-10-26 02:15:00+01:00,0.0
2025-10-26 02:30:00+01:00,0.0
2025-10-26 02:45:00+01:00,0.0
2025-10-26 03:00:00+01:00,0.0
2025-10-26 03:15:00+01:00,0.0
2025-10-26 03:30:00+01:00,0.0
2025-10-26 03:45:00+01:00,0.0
2025-10-26 04:00:00+01:00,0.0
2025-10-26 04:15:00+01:00,0.0
2025-10-26 04:30:00+01:00,0.0
2025-10-26 04:45:00+01:00,0.0
2025-10-26 05:00:00+01:00,0.0
2025-10-26 05:15:00+01:00,0.0
2025-10-26 05:30:00+01:00,0.0
2025-10-26 05:45:00+01:00,0.0
2025-10-26 06:00:00+01:00,0.0
2025-10-26 06:15:00+01:00,0.0
2025-10-26 06:30:00+01:00,0.0
2025-10-26 06:45:00+01:00,56.37655
2025-10-26 07:00:00+01:00,438.10045
2025-10-26 07:15:00+01:00,1330.27843
2025-10-26 07:30:00+01:00,2561.80271
2025-10-26 07:45:00+01:00,3906.23575
2025-10-26 08:00:00+01:00,5375.89385
2025-10-26 08:15:00+01:00,6910.91122
2025-10-26 08:30:00+01:00,8382.25545
2025-10-26 08:45:00+01:00,9697.74083
2025-10-26 09:00:00+01:00,10921.63186
2025-10-26 09:15:00+01:00,12104.71905
2025-10-26 09:30:00+01:00,13060.62019
2025-10-26 09:45:00+01:00,13772.81034
2025-10-26 10:00:00+01:00,14268.34446
2025-10-26 10:15:00+01:00,14653.93445
2025-10-26 10:30:00+01:00,14844.35554
2025-10-26 10:45:00+01:00,14871.54337
2025-10-26 11:00:00+01:00,14835.12797
2025-10-26 11:15:00+01:00,14710.20948
2025-10-26 11:30:00+01:00,14454.65076
2025-10-26 11:45:00+01:00,14033.56273
2025-10-26 12:00:00+01:00,13598.39951
2025-10-26 12:15:00+01:00,13134.71202
2025-10-26 12:30:00+01:00,12613.61556
2025-10-26 12:45:00+01:00,12070.14256
2025-10-26 13:00:00+01:00,11632.31543
2025-10-26 13:15:00+01:00,11265.25093
2025-10-26 13:30:00+01:00,10826.40305
2025-10-26 13:45:00+01:00,10319.79119
2025-10-26 14:00:00+01:00,9743.16035
2025-10-26 14:15:00+01:00,9104.91352
2025-10-26 14:30:00+01:00,8385.18752
2025-10-26 14:45:00+01:00,7583.43568
2025-10-26 15:00:00+01:00,6743.3549
2025-10-26 15:15:00+01:00,5773.27401
2025-10-26 15:30:00+01:00,4778.59478
2025-10-26 15:45:00+01:00,3746.78812
2025-10-26 16:00:00+01:00,2738.71368
2025-10-26 16:15:00+01:00,1810.26006
2025-10-26 16:30:00+01:00,1007.80775
2025-10-26 16:45:00+01:00,421.65162
2025-10-26 17:00:00+01:00,108.62689
2025-10-26 17:15:00+01:00,22.5777
2025-10-26 17:30:00+01:00,2.0
2025-10-26 17:45:00+01:00,14.0
2025-10-26 18:00:00+01:00,5.0
2025-10-26 18:15:00+01:00,1.0
2025-10-26 18:30:00+01:00,1.0
2025-10-26 18:45:00+01:00,1.0
2025-10-26 19:00:00+01:00,0.0
2025-10-26 19:15:00+01:00,0.0
2025-10-26 19:30:00+01:00,0.0
2025-10-26 19:45:00+01:00,0.0
2025-10-26 20:00:00+01:00,0.0
2025-10-26 20:15:00+01:00,0.0
2025-10-26 20:30:00+01:00,0.0
2025-10-26 20:45:00+01:00,0.0
2025-10-26 21:00:00+01:00,0.0
2025-10-26 21:15:00+01:00,0.0
2025-10-26 21:30:00+01:00,0.0
2025-10-26 21:45:00+01:00,0.0
2025-10-26 22:00:00+01:00,0.0
2025-10-26 22:15:00+01:00,0.0
2025-10-26 22:30:00+01:00,0.0
2025-10-26 22:45:00+01:00,0.0
2025-10-26 23:00:00+01:00,0.0
2025-10-26 23:15:00+01:00,0.0
2025-10-26 23:30:00+01:00,0.0
2025-10-26 23:45:00+01:00,0.0
