time,predicted_price_eur_mwh,solar_input_mw,wind_onshore_input_mw,wind_offshore_input_mw
2025-10-18 22:00:00+00:00,87.53428101159983,0.0,10474.0,2144.0
2025-10-18 22:15:00+00:00,89.2039694338861,0.0,10474.0,2144.0
2025-10-18 22:30:00+00:00,85.98834748067426,0.0,10474.0,2144.0
2025-10-18 22:45:00+00:00,83.64327281885272,0.0,10474.0,2144.0
2025-10-18 23:00:00+00:00,81.0325344087237,0.0,10474.0,2144.0
2025-10-18 23:15:00+00:00,80.09760434869801,0.0,10474.0,2144.0
2025-10-18 23:30:00+00:00,79.73683832762677,0.0,10474.0,2144.0
2025-10-18 23:45:00+00:00,79.27085062222274,0.0,10474.0,2144.0
2025-10-19 00:00:00+00:00,79.7198334649814,0.0,10474.0,2144.0
2025-10-19 00:15:00+00:00,78.74942382471585,0.0,10474.0,2144.0
2025-10-19 00:30:00+00:00,78.33171278093137,0.0,10474.0,2144.0
2025-10-19 00:45:00+00:00,78.74995144938163,0.0,10474.0,2144.0
2025-10-19 01:00:00+00:00,79.09624159958474,0.0,10474.0,2144.0
2025-10-19 01:15:00+00:00,79.81620251006164,0.0,10474.0,2144.0
2025-10-19 01:30:00+00:00,81.60567244802594,0.0,10474.0,2144.0
2025-10-19 01:45:00+00:00,83.90164233940715,0.0,10474.0,2144.0
2025-10-19 02:00:00+00:00,82.20551742585644,0.0,10474.0,2144.0
2025-10-19 02:15:00+00:00,82.6959469262244,0.0,10474.0,2144.0
2025-10-19 02:30:00+00:00,84.9620315161703,0.0,10474.0,2144.0
2025-10-19 02:45:00+00:00,88.54142210504207,0.0,10474.0,2144.0
2025-10-19 03:00:00+00:00,86.77752926067194,0.0,10474.0,2144.0
2025-10-19 03:15:00+00:00,86.86923090321253,0.0,10474.0,2144.0
2025-10-19 03:30:00+00:00,89.15549079877974,0.0,10474.0,2144.0
2025-10-19 03:45:00+00:00,92.39057589651624,0.0,10474.0,2144.0
2025-10-19 04:00:00+00:00,91.16622869240608,0.0,10474.0,2144.0
2025-10-19 04:15:00+00:00,91.18218368240332,0.0,10474.0,2144.0
2025-10-19 04:30:00+00:00,93.43133194934646,0.0,10474.0,2144.0
2025-10-19 04:45:00+00:00,97.02196648285548,0.0,10474.0,2144.0
2025-10-19 05:00:00+00:00,97.26924399008293,0.0,10474.0,2144.0
2025-10-19 05:15:00+00:00,99.5695721980047,0.0,10474.0,2144.0
2025-10-19 05:30:00+00:00,102.13362900941112,0.0,10474.0,2144.0
2025-10-19 05:45:00+00:00,104.71130879528444,0.0,10474.0,2144.0
2025-10-19 06:00:00+00:00,107.37442060939908,0.0,10474.0,2144.0
2025-10-19 06:15:00+00:00,108.36200288688012,0.0,10474.0,2144.0
2025-10-19 06:30:00+00:00,108.61691148026368,0.0,10474.0,2144.0
2025-10-19 06:45:00+00:00,106.22920383231222,0.0,10474.0,2144.0
2025-10-19 07:00:00+00:00,109.09982834309716,0.0,10474.0,2144.0
2025-10-19 07:15:00+00:00,109.1686898975058,0.0,10474.0,2144.0
2025-10-19 07:30:00+00:00,104.53294460424983,0.0,10474.0,2144.0
2025-10-19 07:45:00+00:00,97.1358170234799,0.0,10474.0,2144.0
2025-10-19 08:00:00+00:00,100.52830753402992,0.0,10474.0,2144.0
2025-10-19 08:15:00+00:00,98.54662373511096,0.0,10474.0,2144.0
2025-10-19 08:30:00+00:00,93.91549587528168,0.0,10474.0,2144.0
2025-10-19 08:45:00+00:00,87.54916773526898,0.0,10474.0,2144.0
2025-10-19 09:00:00+00:00,87.51909008863933,0.0,10474.0,2144.0
2025-10-19 09:15:00+00:00,85.57127729710183,0.0,10474.0,2144.0
2025-10-19 09:30:00+00:00,82.98662949460642,0.0,10474.0,2144.0
2025-10-19 09:45:00+00:00,78.76690032065687,0.0,10474.0,2144.0
2025-10-19 10:00:00+00:00,77.4699436509789,0.0,10474.0,2144.0
2025-10-19 10:15:00+00:00,76.17118283189447,0.0,10474.0,2144.0
2025-10-19 10:30:00+00:00,74.83721529605678,0.0,10474.0,2144.0
2025-10-19 10:45:00+00:00,72.89532653752059,0.0,10474.0,2144.0
2025-10-19 11:00:00+00:00,71.50041181484193,0.0,10474.0,2144.0
2025-10-19 11:15:00+00:00,70.36232725298947,0.0,10474.0,2144.0
2025-10-19 11:30:00+00:00,70.1950521978296,0.0,10474.0,2144.0
2025-10-19 11:45:00+00:00,70.41810570707732,0.0,10474.0,2144.0
2025-10-19 12:00:00+00:00,69.39494865294267,0.0,10474.0,2144.0
2025-10-19 12:15:00+00:00,69.98812869184216,0.0,10474.0,2144.0
2025-10-19 12:30:00+00:00,71.57356839842276,0.0,10474.0,2144.0
2025-10-19 12:45:00+00:00,73.86919853180802,0.0,10474.0,2144.0
2025-10-19 13:00:00+00:00,73.94856492991418,0.0,10474.0,2144.0
2025-10-19 13:15:00+00:00,75.46590190049832,0.0,10474.0,2144.0
2025-10-19 13:30:00+00:00,78.50549350757123,0.0,10474.0,2144.0
2025-10-19 13:45:00+00:00,83.2128605562101,0.0,10474.0,2144.0
2025-10-19 14:00:00+00:00,80.73638117330495,0.0,10474.0,2144.0
2025-10-19 14:15:00+00:00,82.26524027991381,0.0,10474.0,2144.0
2025-10-19 14:30:00+00:00,87.51081554722425,0.0,10474.0,2144.0
2025-10-19 14:45:00+00:00,95.86073914317974,0.0,10474.0,2144.0
2025-10-19 15:00:00+00:00,93.28133989073098,0.0,10474.0,2144.0
2025-10-19 15:15:00+00:00,95.41662780453515,0.0,10474.0,2144.0
2025-10-19 15:30:00+00:00,99.883919917003,0.0,10474.0,2144.0
2025-10-19 15:45:00+00:00,110.7882236186285,0.0,10474.0,2144.0
2025-10-19 16:00:00+00:00,111.79943478270144,0.0,10474.0,2144.0
2025-10-19 16:15:00+00:00,113.16771652536625,0.0,10474.0,2144.0
2025-10-19 16:30:00+00:00,115.47347846404055,0.0,10474.0,2144.0
2025-10-19 16:45:00+00:00,118.0493788091636,0.0,10474.0,2144.0
2025-10-19 17:00:00+00:00,120.84058735909792,0.0,10474.0,2144.0
2025-10-19 17:15:00+00:00,120.84848724602938,0.0,10474.0,2144.0
2025-10-19 17:30:00+00:00,119.17443289238868,0.0,10474.0,2144.0
2025-10-19 17:45:00+00:00,116.54675772180612,0.0,10474.0,2144.0
2025-10-19 18:00:00+00:00,118.3052371340046,0.0,10474.0,2144.0
2025-10-19 18:15:00+00:00,116.56584754415466,0.0,10474.0,2144.0
2025-10-19 18:30:00+00:00,113.02561886433269,0.0,10474.0,2144.0
2025-10-19 18:45:00+00:00,108.36355772152292,0.0,10474.0,2144.0
2025-10-19 19:00:00+00:00,105.75104894732551,0.0,10474.0,2144.0
2025-10-19 19:15:00+00:00,103.43221761541936,0.0,10474.0,2144.0
2025-10-19 19:30:00+00:00,99.96066607844948,0.0,10474.0,2144.0
2025-10-19 19:45:00+00:00,96.07193198929016,0.0,10474.0,2144.0
2025-10-19 20:00:00+00:00,96.12368234849322,0.0,10474.0,2144.0
2025-10-19 20:15:00+00:00,94.63346669849136,0.0,10474.0,2144.0
2025-10-19 20:30:00+00:00,93.24982095614564,0.0,10474.0,2144.0
2025-10-19 20:45:00+00:00,89.90626569723527,0.0,10474.0,2144.0
2025-10-19 21:00:00+00:00,91.77158372107678,0.0,10474.0,2144.0
2025-10-19 21:15:00+00:00,91.53695009649164,0.0,10474.0,2144.0
2025-10-19 21:30:00+00:00,90.13174261186512,0.0,10474.0,2144.0
2025-10-19 21:45:00+00:00,87.98621302623138,0.0,10474.0,2144.0
2025-10-19 22:00:00+00:00,63.84912509961703,0.0,22767.0,6086.0
2025-10-19 22:15:00+00:00,68.28583677799733,0.0,22767.0,6086.0
2025-10-19 22:30:00+00:00,71.92660743795325,0.0,22767.0,6086.0
2025-10-19 22:45:00+00:00,74.2200792073461,0.0,22767.0,6086.0
2025-10-19 23:00:00+00:00,77.82684867511632,0.0,22767.0,6086.0
2025-10-19 23:15:00+00:00,82.41963249715747,0.0,22767.0,6086.0
2025-10-19 23:30:00+00:00,85.29329430717102,0.0,22767.0,6086.0
2025-10-19 23:45:00+00:00,87.84265155053302,0.0,22767.0,6086.0
2025-10-20 00:00:00+00:00,88.88029171568124,0.0,22767.0,6086.0
2025-10-20 00:15:00+00:00,89.41868828755103,0.0,22767.0,6086.0
2025-10-20 00:30:00+00:00,90.72428175813404,0.0,22767.0,6086.0
2025-10-20 00:45:00+00:00,92.2126592655118,0.0,22767.0,6086.0
2025-10-20 01:00:00+00:00,91.85592225436991,0.0,22767.0,6086.0
2025-10-20 01:15:00+00:00,91.99268215975582,0.0,22767.0,6086.0
2025-10-20 01:30:00+00:00,92.50000260052263,0.0,22767.0,6086.0
2025-10-20 01:45:00+00:00,93.89359654414535,0.0,22767.0,6086.0
2025-10-20 02:00:00+00:00,92.72017784116424,0.0,22767.0,6086.0
2025-10-20 02:15:00+00:00,92.94685781049238,0.0,22767.0,6086.0
2025-10-20 02:30:00+00:00,94.21863074047282,0.0,22767.0,6086.0
2025-10-20 02:45:00+00:00,95.98120106063296,0.0,22767.0,6086.0
2025-10-20 03:00:00+00:00,95.2289230255254,0.0,22767.0,6086.0
2025-10-20 03:15:00+00:00,95.38680514186682,0.0,22767.0,6086.0
2025-10-20 03:30:00+00:00,97.00147865315536,0.0,22767.0,6086.0
2025-10-20 03:45:00+00:00,99.0412672921225,0.0,22767.0,6086.0
2025-10-20 04:00:00+00:00,99.35771490296725,0.0,22767.0,6086.0
2025-10-20 04:15:00+00:00,99.63426062851936,0.0,22767.0,6086.0
2025-10-20 04:30:00+00:00,100.17009928715898,0.0,22767.0,6086.0
2025-10-20 04:45:00+00:00,101.7498535310622,0.0,22767.0,6086.0
2025-10-20 05:00:00+00:00,102.10113757326047,0.0,22767.0,6086.0
2025-10-20 05:15:00+00:00,102.24727669678808,0.0,22767.0,6086.0
2025-10-20 05:30:00+00:00,101.33250170977055,0.0,22767.0,6086.0
2025-10-20 05:45:00+00:00,100.58390092627036,0.0,22767.0,6086.0
2025-10-20 06:00:00+00:00,103.15332024052871,0.0,22767.0,6086.0
2025-10-20 06:15:00+00:00,103.64240105649424,0.0,22767.0,6086.0
2025-10-20 06:30:00+00:00,100.75239815276667,0.0,22767.0,6086.0
2025-10-20 06:45:00+00:00,96.12778019920296,0.0,22767.0,6086.0
2025-10-20 07:00:00+00:00,99.04665225444472,0.0,22767.0,6086.0
2025-10-20 07:15:00+00:00,97.81135142786046,0.0,22767.0,6086.0
2025-10-20 07:30:00+00:00,94.75608818241577,0.0,22767.0,6086.0
2025-10-20 07:45:00+00:00,88.8923472123686,0.0,22767.0,6086.0
2025-10-20 08:00:00+00:00,90.62362592569632,0.0,22767.0,6086.0
2025-10-20 08:15:00+00:00,88.73075009694018,0.0,22767.0,6086.0
2025-10-20 08:30:00+00:00,85.96875009159058,0.0,22767.0,6086.0
2025-10-20 08:45:00+00:00,81.35895769593573,0.0,22767.0,6086.0
2025-10-20 09:00:00+00:00,82.16731451856974,0.0,22767.0,6086.0
2025-10-20 09:15:00+00:00,80.67013046971815,0.0,22767.0,6086.0
2025-10-20 09:30:00+00:00,78.07969383294163,0.0,22767.0,6086.0
2025-10-20 09:45:00+00:00,72.64150609758332,0.0,22767.0,6086.0
2025-10-20 10:00:00+00:00,71.76297560662314,0.0,22767.0,6086.0
2025-10-20 10:15:00+00:00,69.20620598501633,0.0,22767.0,6086.0
2025-10-20 10:30:00+00:00,65.93480949362323,0.0,22767.0,6086.0
2025-10-20 10:45:00+00:00,61.4751978994038,0.0,22767.0,6086.0
2025-10-20 11:00:00+00:00,59.60195430807183,0.0,22767.0,6086.0
2025-10-20 11:15:00+00:00,58.18650448833489,0.0,22767.0,6086.0
2025-10-20 11:30:00+00:00,56.90600404429178,0.0,22767.0,6086.0
2025-10-20 11:45:00+00:00,55.72563447620891,0.0,22767.0,6086.0
2025-10-20 12:00:00+00:00,53.5827720121934,0.0,22767.0,6086.0
2025-10-20 12:15:00+00:00,54.51534500302114,0.0,22767.0,6086.0
2025-10-20 12:30:00+00:00,59.1426412753452,0.0,22767.0,6086.0
2025-10-20 12:45:00+00:00,66.31704713125694,0.0,22767.0,6086.0
2025-10-20 13:00:00+00:00,65.89439509663966,0.0,22767.0,6086.0
2025-10-20 13:15:00+00:00,70.9171557833254,0.0,22767.0,6086.0
2025-10-20 13:30:00+00:00,76.4191798144714,0.0,22767.0,6086.0
2025-10-20 13:45:00+00:00,84.0280729869744,0.0,22767.0,6086.0
2025-10-20 14:00:00+00:00,83.97011396167862,0.0,22767.0,6086.0
2025-10-20 14:15:00+00:00,88.50269241344678,0.0,22767.0,6086.0
2025-10-20 14:30:00+00:00,95.81182984406055,0.0,22767.0,6086.0
2025-10-20 14:45:00+00:00,104.72950289004454,0.0,22767.0,6086.0
2025-10-20 15:00:00+00:00,104.23638419116033,0.0,22767.0,6086.0
2025-10-20 15:15:00+00:00,106.4025885020938,0.0,22767.0,6086.0
2025-10-20 15:30:00+00:00,111.09827384971496,0.0,22767.0,6086.0
2025-10-20 15:45:00+00:00,117.21894779564909,0.0,22767.0,6086.0
2025-10-20 16:00:00+00:00,120.15140454081534,0.0,22767.0,6086.0
2025-10-20 16:15:00+00:00,121.0826681828869,0.0,22767.0,6086.0
2025-10-20 16:30:00+00:00,118.43628434846798,0.0,22767.0,6086.0
2025-10-20 16:45:00+00:00,115.53595786778584,0.0,22767.0,6086.0
2025-10-20 17:00:00+00:00,116.27286612151464,0.0,22767.0,6086.0
2025-10-20 17:15:00+00:00,114.32842125169132,0.0,22767.0,6086.0
2025-10-20 17:30:00+00:00,110.80599832846544,0.0,22767.0,6086.0
2025-10-20 17:45:00+00:00,104.66254833595814,0.0,22767.0,6086.0
2025-10-20 18:00:00+00:00,103.39167348945496,0.0,22767.0,6086.0
2025-10-20 18:15:00+00:00,99.7085392835289,0.0,22767.0,6086.0
2025-10-20 18:30:00+00:00,97.14905906165244,0.0,22767.0,6086.0
2025-10-20 18:45:00+00:00,93.57515498402545,0.0,22767.0,6086.0
2025-10-20 19:00:00+00:00,94.05699195296968,0.0,22767.0,6086.0
2025-10-20 19:15:00+00:00,91.33164015519402,0.0,22767.0,6086.0
2025-10-20 19:30:00+00:00,88.894765060784,0.0,22767.0,6086.0
2025-10-20 19:45:00+00:00,86.4373314429125,0.0,22767.0,6086.0
2025-10-20 20:00:00+00:00,90.45309913960872,0.0,22767.0,6086.0
2025-10-20 20:15:00+00:00,90.1889536163472,0.0,22767.0,6086.0
2025-10-20 20:30:00+00:00,87.83011443855773,0.0,22767.0,6086.0
2025-10-20 20:45:00+00:00,83.94149194297114,0.0,22767.0,6086.0
2025-10-20 21:00:00+00:00,84.8491492093153,0.0,22767.0,6086.0
2025-10-20 21:15:00+00:00,83.80746175519201,0.0,22767.0,6086.0
2025-10-20 21:30:00+00:00,82.79120359308071,0.0,22767.0,6086.0
2025-10-20 21:45:00+00:00,80.26253484657954,0.0,22767.0,6086.0
2025-10-20 22:00:00+00:00,43.595809494544845,0.0,29876.0,6480.0
2025-10-20 22:15:00+00:00,47.11935849936275,0.0,29876.0,6480.0
2025-10-20 22:30:00+00:00,50.065849713391,0.0,29876.0,6480.0
2025-10-20 22:45:00+00:00,48.69226404991866,0.0,29876.0,6480.0
2025-10-20 23:00:00+00:00,50.59501082849259,0.0,29876.0,6480.0
2025-10-20 23:15:00+00:00,51.63518941197091,0.0,29876.0,6480.0
2025-10-20 23:30:00+00:00,52.48169377212923,0.0,29876.0,6480.0
2025-10-20 23:45:00+00:00,54.768520857746566,0.0,29876.0,6480.0
2025-10-21 00:00:00+00:00,55.52155932131481,0.0,29876.0,6480.0
2025-10-21 00:15:00+00:00,55.62277362190126,0.0,29876.0,6480.0
2025-10-21 00:30:00+00:00,56.18879003692896,0.0,29876.0,6480.0
2025-10-21 00:45:00+00:00,57.79020285474077,0.0,29876.0,6480.0
2025-10-21 01:00:00+00:00,58.05234566141026,0.0,29876.0,6480.0
2025-10-21 01:15:00+00:00,58.19709456270823,0.0,29876.0,6480.0
2025-10-21 01:30:00+00:00,60.06990077612348,0.0,29876.0,6480.0
2025-10-21 01:45:00+00:00,62.43182773409387,0.0,29876.0,6480.0
2025-10-21 02:00:00+00:00,61.072206150637726,0.0,29876.0,6480.0
2025-10-21 02:15:00+00:00,61.66895011692655,0.0,29876.0,6480.0
2025-10-21 02:30:00+00:00,63.81844109792206,0.0,29876.0,6480.0
2025-10-21 02:45:00+00:00,68.2829135347811,0.0,29876.0,6480.0
2025-10-21 03:00:00+00:00,67.0502329635146,0.0,29876.0,6480.0
2025-10-21 03:15:00+00:00,69.90777898088915,0.0,29876.0,6480.0
2025-10-21 03:30:00+00:00,73.19878126834591,0.0,29876.0,6480.0
2025-10-21 03:45:00+00:00,77.69748205750221,0.0,29876.0,6480.0
2025-10-21 04:00:00+00:00,74.76348679674093,0.0,29876.0,6480.0
2025-10-21 04:15:00+00:00,78.4921120291704,0.0,29876.0,6480.0
2025-10-21 04:30:00+00:00,81.82845049576623,0.0,29876.0,6480.0
2025-10-21 04:45:00+00:00,81.38352299762094,0.0,29876.0,6480.0
2025-10-21 05:00:00+00:00,81.7413661819404,0.0,29876.0,6480.0
2025-10-21 05:15:00+00:00,82.65882385290749,0.0,29876.0,6480.0
2025-10-21 05:30:00+00:00,84.55236807348817,0.0,29876.0,6480.0
2025-10-21 05:45:00+00:00,86.593503216658,0.0,29876.0,6480.0
2025-10-21 06:00:00+00:00,96.37746524308756,0.0,29876.0,6480.0
2025-10-21 06:15:00+00:00,99.42761265787988,0.0,29876.0,6480.0
2025-10-21 06:30:00+00:00,96.76114799539664,0.0,29876.0,6480.0
2025-10-21 06:45:00+00:00,91.68242164024711,0.0,29876.0,6480.0
2025-10-21 07:00:00+00:00,95.61616954393652,0.0,29876.0,6480.0
2025-10-21 07:15:00+00:00,96.32343607411832,0.0,29876.0,6480.0
2025-10-21 07:30:00+00:00,90.32278322243933,0.0,29876.0,6480.0
2025-10-21 07:45:00+00:00,82.63285378048877,0.0,29876.0,6480.0
2025-10-21 08:00:00+00:00,81.62620119952398,0.0,29876.0,6480.0
2025-10-21 08:15:00+00:00,78.49950170292712,0.0,29876.0,6480.0
2025-10-21 08:30:00+00:00,72.64566640772514,0.0,29876.0,6480.0
2025-10-21 08:45:00+00:00,66.14950683841664,0.0,29876.0,6480.0
2025-10-21 09:00:00+00:00,65.3028875924656,0.0,29876.0,6480.0
2025-10-21 09:15:00+00:00,62.429183704110486,0.0,29876.0,6480.0
2025-10-21 09:30:00+00:00,59.71739557537396,0.0,29876.0,6480.0
2025-10-21 09:45:00+00:00,55.72269568971386,0.0,29876.0,6480.0
2025-10-21 10:00:00+00:00,54.06904688801049,0.0,29876.0,6480.0
2025-10-21 10:15:00+00:00,52.598996546500345,0.0,29876.0,6480.0
2025-10-21 10:30:00+00:00,51.70881743106851,0.0,29876.0,6480.0
2025-10-21 10:45:00+00:00,52.10680601888771,0.0,29876.0,6480.0
2025-10-21 11:00:00+00:00,51.74278463770257,0.0,29876.0,6480.0
2025-10-21 11:15:00+00:00,52.48328066555166,0.0,29876.0,6480.0
2025-10-21 11:30:00+00:00,54.56539797272711,0.0,29876.0,6480.0
2025-10-21 11:45:00+00:00,57.21666099611181,0.0,29876.0,6480.0
2025-10-21 12:00:00+00:00,57.56327410632399,0.0,29876.0,6480.0
2025-10-21 12:15:00+00:00,59.77249231286673,0.0,29876.0,6480.0
2025-10-21 12:30:00+00:00,62.76330063285352,0.0,29876.0,6480.0
2025-10-21 12:45:00+00:00,67.86300975141785,0.0,29876.0,6480.0
2025-10-21 13:00:00+00:00,68.0682915077208,0.0,29876.0,6480.0
2025-10-21 13:15:00+00:00,69.89260377463937,0.0,29876.0,6480.0
2025-10-21 13:30:00+00:00,75.93758257936761,0.0,29876.0,6480.0
2025-10-21 13:45:00+00:00,83.6801713506519,0.0,29876.0,6480.0
2025-10-21 14:00:00+00:00,81.8175796182107,0.0,29876.0,6480.0
2025-10-21 14:15:00+00:00,83.87983509220801,0.0,29876.0,6480.0
2025-10-21 14:30:00+00:00,90.98056269839796,0.0,29876.0,6480.0
2025-10-21 14:45:00+00:00,101.52525750029884,0.0,29876.0,6480.0
2025-10-21 15:00:00+00:00,99.73082259236024,0.0,29876.0,6480.0
2025-10-21 15:15:00+00:00,101.92630220469935,0.0,29876.0,6480.0
2025-10-21 15:30:00+00:00,105.7564116627222,0.0,29876.0,6480.0
2025-10-21 15:45:00+00:00,111.60611755534364,0.0,29876.0,6480.0
2025-10-21 16:00:00+00:00,112.23039500468492,0.0,29876.0,6480.0
2025-10-21 16:15:00+00:00,112.71696911244742,0.0,29876.0,6480.0
2025-10-21 16:30:00+00:00,112.46153877381543,0.0,29876.0,6480.0
2025-10-21 16:45:00+00:00,109.16045147448057,0.0,29876.0,6480.0
2025-10-21 17:00:00+00:00,110.10516912951516,0.0,29876.0,6480.0
2025-10-21 17:15:00+00:00,107.0987105250282,0.0,29876.0,6480.0
2025-10-21 17:30:00+00:00,102.59077741711845,0.0,29876.0,6480.0
2025-10-21 17:45:00+00:00,96.20182182061224,0.0,29876.0,6480.0
2025-10-21 18:00:00+00:00,96.11528993259822,0.0,29876.0,6480.0
2025-10-21 18:15:00+00:00,91.45474561177548,0.0,29876.0,6480.0
2025-10-21 18:30:00+00:00,85.85197902342831,0.0,29876.0,6480.0
2025-10-21 18:45:00+00:00,81.03026481327585,0.0,29876.0,6480.0
2025-10-21 19:00:00+00:00,80.59449065333257,0.0,29876.0,6480.0
2025-10-21 19:15:00+00:00,81.31515757113665,0.0,29876.0,6480.0
2025-10-21 19:30:00+00:00,76.56428317819204,0.0,29876.0,6480.0
2025-10-21 19:45:00+00:00,70.39229053712275,0.0,29876.0,6480.0
2025-10-21 20:00:00+00:00,71.94019581126066,0.0,29876.0,6480.0
2025-10-21 20:15:00+00:00,71.784706776594,0.0,29876.0,6480.0
2025-10-21 20:30:00+00:00,69.30224461266351,0.0,29876.0,6480.0
2025-10-21 20:45:00+00:00,64.54845700078391,0.0,29876.0,6480.0
2025-10-21 21:00:00+00:00,62.41734786942631,0.0,29876.0,6480.0
2025-10-21 21:15:00+00:00,61.33070310396685,0.0,29876.0,6480.0
2025-10-21 21:30:00+00:00,60.16850710353185,0.0,29876.0,6480.0
2025-10-21 21:45:00+00:00,56.50929686253794,0.0,29876.0,6480.0
2025-10-21 22:00:00+00:00,50.5180802005308,0.0,29876.0,6480.0
2025-10-21 22:15:00+00:00,46.96498749140872,0.0,29876.0,6480.0
2025-10-21 22:30:00+00:00,45.35724146990333,0.0,29876.0,6480.0
2025-10-21 22:45:00+00:00,44.162906656174286,0.0,29876.0,6480.0
2025-10-21 23:00:00+00:00,42.68272049644817,0.0,29876.0,6480.0
2025-10-21 23:15:00+00:00,41.28992890874453,0.0,29876.0,6480.0
2025-10-21 23:30:00+00:00,40.45067014317378,0.0,29876.0,6480.0
2025-10-21 23:45:00+00:00,40.79334361864841,0.0,29876.0,6480.0
2025-10-22 00:00:00+00:00,41.68397247162055,0.0,29876.0,6480.0
2025-10-22 00:15:00+00:00,42.632966984539,0.0,29876.0,6480.0
2025-10-22 00:30:00+00:00,43.656782648167095,0.0,29876.0,6480.0
2025-10-22 00:45:00+00:00,45.18952473242311,0.0,29876.0,6480.0
2025-10-22 01:00:00+00:00,46.55890526863584,0.0,29876.0,6480.0
2025-10-22 01:15:00+00:00,47.86331359580224,0.0,29876.0,6480.0
2025-10-22 01:30:00+00:00,49.80464258740889,0.0,29876.0,6480.0
2025-10-22 01:45:00+00:00,52.28948708451709,0.0,29876.0,6480.0
2025-10-22 02:00:00+00:00,53.77097847101206,0.0,29876.0,6480.0
2025-10-22 02:15:00+00:00,55.01220727998347,0.0,29876.0,6480.0
2025-10-22 02:30:00+00:00,56.829599709613575,0.0,29876.0,6480.0
2025-10-22 02:45:00+00:00,59.64938255231678,0.0,29876.0,6480.0
2025-10-22 03:00:00+00:00,61.43943710310171,0.0,29876.0,6480.0
2025-10-22 03:15:00+00:00,63.22091918327973,0.0,29876.0,6480.0
2025-10-22 03:30:00+00:00,65.1856255565792,0.0,29876.0,6480.0
2025-10-22 03:45:00+00:00,67.78655561441849,0.0,29876.0,6480.0
2025-10-22 04:00:00+00:00,69.39224198899595,0.0,29876.0,6480.0
2025-10-22 04:15:00+00:00,71.33366435376313,0.0,29876.0,6480.0
2025-10-22 04:30:00+00:00,73.33949782221454,0.0,29876.0,6480.0
2025-10-22 04:45:00+00:00,74.60070245805846,0.0,29876.0,6480.0
2025-10-22 05:00:00+00:00,75.64635874353515,0.0,29876.0,6480.0
2025-10-22 05:15:00+00:00,76.5420816827683,0.0,29876.0,6480.0
2025-10-22 05:30:00+00:00,77.41143582614482,0.0,29876.0,6480.0
2025-10-22 05:45:00+00:00,77.9057865994975,0.0,29876.0,6480.0
2025-10-22 06:00:00+00:00,79.8570204461913,0.0,29876.0,6480.0
2025-10-22 06:15:00+00:00,81.29604997871785,0.0,29876.0,6480.0
2025-10-22 06:30:00+00:00,81.32690871252174,0.0,29876.0,6480.0
2025-10-22 06:45:00+00:00,80.06872453982177,0.0,29876.0,6480.0
2025-10-22 07:00:00+00:00,80.26373358755022,0.0,29876.0,6480.0
2025-10-22 07:15:00+00:00,80.7390458897088,0.0,29876.0,6480.0
2025-10-22 07:30:00+00:00,79.57738598505082,0.0,29876.0,6480.0
2025-10-22 07:45:00+00:00,76.68275907968481,0.0,29876.0,6480.0
2025-10-22 08:00:00+00:00,74.5227463462224,0.0,29876.0,6480.0
2025-10-22 08:15:00+00:00,72.49950326195408,0.0,29876.0,6480.0
2025-10-22 08:30:00+00:00,69.70124772948951,0.0,29876.0,6480.0
2025-10-22 08:45:00+00:00,65.88971871701945,0.0,29876.0,6480.0
2025-10-22 09:00:00+00:00,62.8545300120814,0.0,29876.0,6480.0
2025-10-22 09:15:00+00:00,59.84635479738012,0.0,29876.0,6480.0
2025-10-22 09:30:00+00:00,56.87783962404353,0.0,29876.0,6480.0
2025-10-22 09:45:00+00:00,53.61824233703558,0.0,29876.0,6480.0
2025-10-22 10:00:00+00:00,50.8246722744167,0.0,29876.0,6480.0
2025-10-22 10:15:00+00:00,48.35494512990611,0.0,29876.0,6480.0
2025-10-22 10:30:00+00:00,46.37163125567994,0.0,29876.0,6480.0
2025-10-22 10:45:00+00:00,45.10214124285028,0.0,29876.0,6480.0
2025-10-22 11:00:00+00:00,44.08780410978677,0.0,29876.0,6480.0
2025-10-22 11:15:00+00:00,43.51877608267789,0.0,29876.0,6480.0
2025-10-22 11:30:00+00:00,43.6135702285357,0.0,29876.0,6480.0
2025-10-22 11:45:00+00:00,44.53071891274611,0.0,29876.0,6480.0
2025-10-22 12:00:00+00:00,45.441691669680026,0.0,29876.0,6480.0
2025-10-22 12:15:00+00:00,46.74812164784413,0.0,29876.0,6480.0
2025-10-22 12:30:00+00:00,48.583366198184,0.0,29876.0,6480.0
2025-10-22 12:45:00+00:00,51.19018572290344,0.0,29876.0,6480.0
2025-10-22 13:00:00+00:00,53.33460119156865,0.0,29876.0,6480.0
2025-10-22 13:15:00+00:00,55.32525382352061,0.0,29876.0,6480.0
2025-10-22 13:30:00+00:00,58.16728561353804,0.0,29876.0,6480.0
2025-10-22 13:45:00+00:00,62.00427268879992,0.0,29876.0,6480.0
2025-10-22 14:00:00+00:00,64.55432911987833,0.0,29876.0,6480.0
2025-10-22 14:15:00+00:00,66.73729406206307,0.0,29876.0,6480.0
2025-10-22 14:30:00+00:00,69.80435364908858,0.0,29876.0,6480.0
2025-10-22 14:45:00+00:00,74.27616844927398,0.0,29876.0,6480.0
2025-10-22 15:00:00+00:00,77.28340413962913,0.0,29876.0,6480.0
2025-10-22 15:15:00+00:00,79.77961306794482,0.0,29876.0,6480.0
2025-10-22 15:30:00+00:00,82.3609895519074,0.0,29876.0,6480.0
2025-10-22 15:45:00+00:00,85.64012794366809,0.0,29876.0,6480.0
2025-10-22 16:00:00+00:00,88.4576675545144,0.0,29876.0,6480.0
2025-10-22 16:15:00+00:00,90.71682996780171,0.0,29876.0,6480.0
2025-10-22 16:30:00+00:00,92.3169159134008,0.0,29876.0,6480.0
2025-10-22 16:45:00+00:00,92.89313190569142,0.0,29876.0,6480.0
2025-10-22 17:00:00+00:00,93.73643222604856,0.0,29876.0,6480.0
2025-10-22 17:15:00+00:00,93.99547848237911,0.0,29876.0,6480.0
2025-10-22 17:30:00+00:00,93.41334640664569,0.0,29876.0,6480.0
2025-10-22 17:45:00+00:00,91.56517939361446,0.0,29876.0,6480.0
2025-10-22 18:00:00+00:00,90.201567262032,0.0,29876.0,6480.0
2025-10-22 18:15:00+00:00,88.29314087850321,0.0,29876.0,6480.0
2025-10-22 18:30:00+00:00,85.70823039487944,0.0,29876.0,6480.0
2025-10-22 18:45:00+00:00,82.64585863982076,0.0,29876.0,6480.0
2025-10-22 19:00:00+00:00,80.22459688314048,0.0,29876.0,6480.0
2025-10-22 19:15:00+00:00,78.33045996391765,0.0,29876.0,6480.0
2025-10-22 19:30:00+00:00,75.73163339745452,0.0,29876.0,6480.0
2025-10-22 19:45:00+00:00,72.42500508961412,0.0,29876.0,6480.0
2025-10-22 20:00:00+00:00,70.1997537359916,0.0,29876.0,6480.0
2025-10-22 20:15:00+00:00,68.59756520998711,0.0,29876.0,6480.0
2025-10-22 20:30:00+00:00,66.84001434700947,0.0,29876.0,6480.0
2025-10-22 20:45:00+00:00,64.37279832662824,0.0,29876.0,6480.0
2025-10-22 21:00:00+00:00,62.21141880968898,0.0,29876.0,6480.0
2025-10-22 21:15:00+00:00,60.443156038085945,0.0,29876.0,6480.0
2025-10-22 21:30:00+00:00,58.97840483203923,0.0,29876.0,6480.0
2025-10-22 21:45:00+00:00,57.17866413633017,0.0,29876.0,6480.0
2025-10-22 22:00:00+00:00,98.6400666580847,0.0,5863.0,601.0
2025-10-22 22:15:00+00:00,98.00630903353192,0.0,5863.0,601.0
2025-10-22 22:30:00+00:00,95.98586495780636,0.0,5863.0,601.0
2025-10-22 22:45:00+00:00,92.03310997877904,0.0,5863.0,601.0
2025-10-22 23:00:00+00:00,90.65368631476451,0.0,5863.0,601.0
2025-10-22 23:15:00+00:00,90.38716765905072,0.0,5863.0,601.0
2025-10-22 23:30:00+00:00,91.3822838211651,0.0,5863.0,601.0
2025-10-22 23:45:00+00:00,92.64290796928395,0.0,5863.0,601.0
2025-10-23 00:00:00+00:00,92.86443674938616,0.0,5863.0,601.0
2025-10-23 00:15:00+00:00,93.68906353645087,0.0,5863.0,601.0
2025-10-23 00:30:00+00:00,96.22895446254404,0.0,5863.0,601.0
2025-10-23 00:45:00+00:00,100.37038798358113,0.0,5863.0,601.0
2025-10-23 01:00:00+00:00,100.56746092453687,0.0,5863.0,601.0
2025-10-23 01:15:00+00:00,102.58369031420428,0.0,5863.0,601.0
2025-10-23 01:30:00+00:00,106.5073315310265,0.0,5863.0,601.0
2025-10-23 01:45:00+00:00,110.99227998973826,0.0,5863.0,601.0
2025-10-23 02:00:00+00:00,110.36973148010644,0.0,5863.0,601.0
2025-10-23 02:15:00+00:00,112.33688094393392,0.0,5863.0,601.0
2025-10-23 02:30:00+00:00,116.27335879060654,0.0,5863.0,601.0
2025-10-23 02:45:00+00:00,121.15110992244962,0.0,5863.0,601.0
2025-10-23 03:00:00+00:00,121.05206593436591,0.0,5863.0,601.0
2025-10-23 03:15:00+00:00,122.27885381592932,0.0,5863.0,601.0
2025-10-23 03:30:00+00:00,125.82464748668949,0.0,5863.0,601.0
2025-10-23 03:45:00+00:00,130.67509751788904,0.0,5863.0,601.0
2025-10-23 04:00:00+00:00,131.91809168397413,0.0,5863.0,601.0
2025-10-23 04:15:00+00:00,134.3929380583761,0.0,5863.0,601.0
2025-10-23 04:30:00+00:00,137.76090801136814,0.0,5863.0,601.0
2025-10-23 04:45:00+00:00,142.49593271777576,0.0,5863.0,601.0
2025-10-23 05:00:00+00:00,143.7360262488267,0.0,5863.0,601.0
2025-10-23 05:15:00+00:00,144.96694668131866,0.0,5863.0,601.0
2025-10-23 05:30:00+00:00,145.2611628234105,0.0,5863.0,601.0
2025-10-23 05:45:00+00:00,146.12009156335222,0.0,5863.0,601.0
2025-10-23 06:00:00+00:00,146.3154269138375,0.0,5863.0,601.0
2025-10-23 06:15:00+00:00,147.52854906544042,0.0,5863.0,601.0
2025-10-23 06:30:00+00:00,147.33416782283385,0.0,5863.0,601.0
2025-10-23 06:45:00+00:00,143.92648343383098,0.0,5863.0,601.0
2025-10-23 07:00:00+00:00,146.9469142007831,0.0,5863.0,601.0
2025-10-23 07:15:00+00:00,147.03701407855038,0.0,5863.0,601.0
2025-10-23 07:30:00+00:00,143.07853426906405,0.0,5863.0,601.0
2025-10-23 07:45:00+00:00,136.7306142702686,0.0,5863.0,601.0
2025-10-23 08:00:00+00:00,139.57554876385765,0.0,5863.0,601.0
2025-10-23 08:15:00+00:00,137.67332811957905,0.0,5863.0,601.0
2025-10-23 08:30:00+00:00,132.2645645875363,0.0,5863.0,601.0
2025-10-23 08:45:00+00:00,123.80234968866104,0.0,5863.0,601.0
2025-10-23 09:00:00+00:00,122.59609182057312,0.0,5863.0,601.0
2025-10-23 09:15:00+00:00,119.91845493153566,0.0,5863.0,601.0
2025-10-23 09:30:00+00:00,114.15657606510965,0.0,5863.0,601.0
2025-10-23 09:45:00+00:00,105.48823478046424,0.0,5863.0,601.0
2025-10-23 10:00:00+00:00,102.469144470093,0.0,5863.0,601.0
2025-10-23 10:15:00+00:00,97.1709770949994,0.0,5863.0,601.0
2025-10-23 10:30:00+00:00,89.87981097247521,0.0,5863.0,601.0
2025-10-23 10:45:00+00:00,83.43724832048571,0.0,5863.0,601.0
2025-10-23 11:00:00+00:00,80.38396631588583,0.0,5863.0,601.0
2025-10-23 11:15:00+00:00,78.03275686669372,0.0,5863.0,601.0
2025-10-23 11:30:00+00:00,77.01790383387996,0.0,5863.0,601.0
2025-10-23 11:45:00+00:00,77.07318789773035,0.0,5863.0,601.0
2025-10-23 12:00:00+00:00,75.5601652345731,0.0,5863.0,601.0
2025-10-23 12:15:00+00:00,78.68973806150899,0.0,5863.0,601.0
2025-10-23 12:30:00+00:00,84.28958637538992,0.0,5863.0,601.0
2025-10-23 12:45:00+00:00,90.85058836834408,0.0,5863.0,601.0
2025-10-23 13:00:00+00:00,91.37271184997928,0.0,5863.0,601.0
2025-10-23 13:15:00+00:00,95.83734568320637,0.0,5863.0,601.0
2025-10-23 13:30:00+00:00,104.1342729349062,0.0,5863.0,601.0
2025-10-23 13:45:00+00:00,113.8291469229837,0.0,5863.0,601.0
2025-10-23 14:00:00+00:00,113.09383253215044,0.0,5863.0,601.0
2025-10-23 14:15:00+00:00,116.26776546443126,0.0,5863.0,601.0
2025-10-23 14:30:00+00:00,124.22529261566436,0.0,5863.0,601.0
2025-10-23 14:45:00+00:00,138.17961235908757,0.0,5863.0,601.0
2025-10-23 15:00:00+00:00,139.32887904421912,0.0,5863.0,601.0
2025-10-23 15:15:00+00:00,142.76686098649134,0.0,5863.0,601.0
2025-10-23 15:30:00+00:00,152.18272591034807,0.0,5863.0,601.0
2025-10-23 15:45:00+00:00,167.3854927508345,0.0,5863.0,601.0
2025-10-23 16:00:00+00:00,172.5697783830622,0.0,5863.0,601.0
2025-10-23 16:15:00+00:00,181.0661881435454,0.0,5863.0,601.0
2025-10-23 16:30:00+00:00,195.60519012912687,0.0,5863.0,601.0
2025-10-23 16:45:00+00:00,208.9116969941473,0.0,5863.0,601.0
2025-10-23 17:00:00+00:00,216.66716005541457,0.0,5863.0,601.0
2025-10-23 17:15:00+00:00,220.863338092368,0.0,5863.0,601.0
2025-10-23 17:30:00+00:00,221.22396583301875,0.0,5863.0,601.0
2025-10-23 17:45:00+00:00,219.0441670025775,0.0,5863.0,601.0
2025-10-23 18:00:00+00:00,222.2463077667529,0.0,5863.0,601.0
2025-10-23 18:15:00+00:00,217.54112364050616,0.0,5863.0,601.0
2025-10-23 18:30:00+00:00,206.7389931505672,0.0,5863.0,601.0
2025-10-23 18:45:00+00:00,194.6233495573365,0.0,5863.0,601.0
2025-10-23 19:00:00+00:00,190.2092165417029,0.0,5863.0,601.0
2025-10-23 19:15:00+00:00,181.75546330731305,0.0,5863.0,601.0
2025-10-23 19:30:00+00:00,170.5541603964404,0.0,5863.0,601.0
2025-10-23 19:45:00+00:00,158.24978363914698,0.0,5863.0,601.0
2025-10-23 20:00:00+00:00,152.49486446254272,0.0,5863.0,601.0
2025-10-23 20:15:00+00:00,145.9836257965468,0.0,5863.0,601.0
2025-10-23 20:30:00+00:00,138.8007505492722,0.0,5863.0,601.0
2025-10-23 20:45:00+00:00,131.41590372466214,0.0,5863.0,601.0
2025-10-23 21:00:00+00:00,126.71084955141885,0.0,5863.0,601.0
2025-10-23 21:15:00+00:00,122.95305816818208,0.0,5863.0,601.0
2025-10-23 21:30:00+00:00,119.539645398123,0.0,5863.0,601.0
2025-10-23 21:45:00+00:00,115.74527619613052,0.0,5863.0,601.0
2025-10-23 22:00:00+00:00,47.94442716105161,0.0,37765.86,2620.6
2025-10-23 22:15:00+00:00,46.697914953166006,0.0,37765.86,2620.6
2025-10-23 22:30:00+00:00,44.70534531866271,0.0,37765.86,2620.6
2025-10-23 22:45:00+00:00,43.04542641199153,0.0,37765.86,2620.6
2025-10-23 23:00:00+00:00,41.25755403965363,0.0,37765.86,2620.6
2025-10-23 23:15:00+00:00,40.61104759379755,0.0,37765.86,2620.6
2025-10-23 23:30:00+00:00,39.28212775517484,0.0,37765.86,2620.6
2025-10-23 23:45:00+00:00,39.10836420072758,0.0,37765.86,2620.6
2025-10-24 00:00:00+00:00,40.19917798136876,0.0,37765.86,2620.6
2025-10-24 00:15:00+00:00,40.30785627761084,0.0,37765.86,2620.6
2025-10-24 00:30:00+00:00,39.97552478608988,0.0,37765.86,2620.6
2025-10-24 00:45:00+00:00,40.11973761430761,0.0,37765.86,2620.6
2025-10-24 01:00:00+00:00,40.591956733304585,0.0,37765.86,2620.6
2025-10-24 01:15:00+00:00,40.88160479244773,0.0,37765.86,2620.6
2025-10-24 01:30:00+00:00,40.563328599258185,0.0,37765.86,2620.6
2025-10-24 01:45:00+00:00,40.230706161312426,0.0,37765.86,2620.6
2025-10-24 02:00:00+00:00,39.022004936469685,0.0,37765.86,2620.6
2025-10-24 02:15:00+00:00,38.81119761050793,0.0,37765.86,2620.6
2025-10-24 02:30:00+00:00,39.52502048305468,0.0,37765.86,2620.6
2025-10-24 02:45:00+00:00,40.34714360905154,0.0,37765.86,2620.6
2025-10-24 03:00:00+00:00,39.51027433148684,0.0,37765.86,2620.6
2025-10-24 03:15:00+00:00,39.55958370707442,0.0,37765.86,2620.6
2025-10-24 03:30:00+00:00,40.22920164795897,0.0,37765.86,2620.6
2025-10-24 03:45:00+00:00,41.34008751838432,0.0,37765.86,2620.6
2025-10-24 04:00:00+00:00,41.82651396415676,0.0,37765.86,2620.6
2025-10-24 04:15:00+00:00,43.391489367289765,0.0,37765.86,2620.6
2025-10-24 04:30:00+00:00,44.71286507342317,0.0,37765.86,2620.6
2025-10-24 04:45:00+00:00,45.9855468335887,0.0,37765.86,2620.6
2025-10-24 05:00:00+00:00,47.67097116147056,0.0,37765.86,2620.6
2025-10-24 05:15:00+00:00,49.2999539796722,0.0,37765.86,2620.6
2025-10-24 05:30:00+00:00,50.70875721322332,0.0,37765.86,2620.6
2025-10-24 05:45:00+00:00,50.81930144088541,0.0,37765.86,2620.6
2025-10-24 06:00:00+00:00,53.51351433817615,0.0,37765.86,2620.6
2025-10-24 06:15:00+00:00,55.20848370032296,0.0,37765.86,2620.6
2025-10-24 06:30:00+00:00,54.86735797988226,0.0,37765.86,2620.6
2025-10-24 06:45:00+00:00,53.05775422935403,0.0,37765.86,2620.6
2025-10-24 07:00:00+00:00,54.42182525946467,0.0,37765.86,2620.6
2025-10-24 07:15:00+00:00,54.916540300613136,0.0,37765.86,2620.6
2025-10-24 07:30:00+00:00,53.88633713406428,0.0,37765.86,2620.6
2025-10-24 07:45:00+00:00,50.94169938252769,0.0,37765.86,2620.6
2025-10-24 08:00:00+00:00,52.57560719378682,0.0,37765.86,2620.6
2025-10-24 08:15:00+00:00,51.94545647515967,0.0,37765.86,2620.6
2025-10-24 08:30:00+00:00,49.36824350258668,0.0,37765.86,2620.6
2025-10-24 08:45:00+00:00,45.9952821389896,0.0,37765.86,2620.6
2025-10-24 09:00:00+00:00,45.57480273013708,0.0,37765.86,2620.6
2025-10-24 09:15:00+00:00,44.109946222244375,0.0,37765.86,2620.6
2025-10-24 09:30:00+00:00,42.05969575831696,0.0,37765.86,2620.6
2025-10-24 09:45:00+00:00,39.78990701417537,0.0,37765.86,2620.6
2025-10-24 10:00:00+00:00,37.97795808099271,0.0,37765.86,2620.6
2025-10-24 10:15:00+00:00,36.02481758122621,0.0,37765.86,2620.6
2025-10-24 10:30:00+00:00,34.11655962741152,0.0,37765.86,2620.6
2025-10-24 10:45:00+00:00,33.11160938572315,0.0,37765.86,2620.6
2025-10-24 11:00:00+00:00,31.61278908378271,0.0,37765.86,2620.6
2025-10-24 11:15:00+00:00,30.704989243296307,0.0,37765.86,2620.6
2025-10-24 11:30:00+00:00,30.066200252011843,0.0,37765.86,2620.6
2025-10-24 11:45:00+00:00,29.93411220059908,0.0,37765.86,2620.6
2025-10-24 12:00:00+00:00,29.24481135801215,0.0,37765.86,2620.6
2025-10-24 12:15:00+00:00,29.46588682724081,0.0,37765.86,2620.6
2025-10-24 12:30:00+00:00,30.073583444650698,0.0,37765.86,2620.6
2025-10-24 12:45:00+00:00,31.153309639578698,0.0,37765.86,2620.6
2025-10-24 13:00:00+00:00,31.22243745042517,0.0,37765.86,2620.6
2025-10-24 13:15:00+00:00,32.029391353161586,0.0,37765.86,2620.6
2025-10-24 13:30:00+00:00,34.203823843892124,0.0,37765.86,2620.6
2025-10-24 13:45:00+00:00,37.00074076085145,0.0,37765.86,2620.6
2025-10-24 14:00:00+00:00,36.484139320897526,0.0,37765.86,2620.6
2025-10-24 14:15:00+00:00,37.39227610632631,0.0,37765.86,2620.6
2025-10-24 14:30:00+00:00,40.522187461857165,0.0,37765.86,2620.6
2025-10-24 14:45:00+00:00,44.17157072543378,0.0,37765.86,2620.6
2025-10-24 15:00:00+00:00,44.26288056303166,0.0,37765.86,2620.6
2025-10-24 15:15:00+00:00,46.43697674570279,0.0,37765.86,2620.6
2025-10-24 15:30:00+00:00,49.270538774706296,0.0,37765.86,2620.6
2025-10-24 15:45:00+00:00,52.23847333145193,0.0,37765.86,2620.6
2025-10-24 16:00:00+00:00,54.39516254256522,0.0,37765.86,2620.6
2025-10-24 16:15:00+00:00,57.1107784007932,0.0,37765.86,2620.6
2025-10-24 16:30:00+00:00,60.50431635227695,0.0,37765.86,2620.6
2025-10-24 16:45:00+00:00,61.57667235919529,0.0,37765.86,2620.6
2025-10-24 17:00:00+00:00,64.67181379491433,0.0,37765.86,2620.6
2025-10-24 17:15:00+00:00,65.31727804987068,0.0,37765.86,2620.6
2025-10-24 17:30:00+00:00,65.45113631126364,0.0,37765.86,2620.6
2025-10-24 17:45:00+00:00,64.52079784628681,0.0,37765.86,2620.6
2025-10-24 18:00:00+00:00,64.86399012442556,0.0,37765.86,2620.6
2025-10-24 18:15:00+00:00,64.15267416030147,0.0,37765.86,2620.6
2025-10-24 18:30:00+00:00,62.79655831217361,0.0,37765.86,2620.6
2025-10-24 18:45:00+00:00,60.48941393315175,0.0,37765.86,2620.6
2025-10-24 19:00:00+00:00,59.94703726296304,0.0,37765.86,2620.6
2025-10-24 19:15:00+00:00,58.73692159507655,0.0,37765.86,2620.6
2025-10-24 19:30:00+00:00,56.94059496038543,0.0,37765.86,2620.6
2025-10-24 19:45:00+00:00,54.57318735445641,0.0,37765.86,2620.6
2025-10-24 20:00:00+00:00,55.32016359538672,0.0,37765.86,2620.6
2025-10-24 20:15:00+00:00,53.670362393585606,0.0,37765.86,2620.6
2025-10-24 20:30:00+00:00,51.74675546070236,0.0,37765.86,2620.6
2025-10-24 20:45:00+00:00,48.9794318236021,0.0,37765.86,2620.6
2025-10-24 21:00:00+00:00,48.07223319782055,0.0,37765.86,2620.6
2025-10-24 21:15:00+00:00,46.53482474962628,0.0,37765.86,2620.6
2025-10-24 21:30:00+00:00,44.8736256749507,0.0,37765.86,2620.6
2025-10-24 21:45:00+00:00,42.53747641114201,0.0,37765.86,2620.6
2025-10-24 22:00:00+00:00,2.321433025781268,0.0,40247.3392,5249.23
2025-10-24 22:15:00+00:00,-2.030148669629753,0.0,40247.3392,5249.23
2025-10-24 22:30:00+00:00,-7.658116740767888,0.0,40247.3392,5249.23
2025-10-24 22:45:00+00:00,-10.893326467129713,0.0,40247.3392,5249.23
2025-10-24 23:00:00+00:00,-13.479968866743228,0.0,40247.3392,5249.23
2025-10-24 23:15:00+00:00,-13.712849747302611,0.0,40247.3392,5249.23
2025-10-24 23:30:00+00:00,-15.339557735081115,0.0,40247.3392,5249.23
2025-10-24 23:45:00+00:00,-17.781497485827572,0.0,40247.3392,5249.23
2025-10-25 00:00:00+00:00,-19.615264249743102,0.0,40247.3392,5249.23
2025-10-25 00:15:00+00:00,-20.538096011167447,0.0,40247.3392,5249.23
2025-10-25 00:30:00+00:00,-20.20822868330096,0.0,40247.3392,5249.23
2025-10-25 00:45:00+00:00,-19.84764735831741,0.0,40247.3392,5249.23
2025-10-25 01:00:00+00:00,-20.29526378805035,0.0,40247.3392,5249.23
2025-10-25 01:15:00+00:00,-20.840774458458256,0.0,40247.3392,5249.23
2025-10-25 01:30:00+00:00,-20.16986281602988,0.0,40247.3392,5249.23
2025-10-25 01:45:00+00:00,-18.333694246373824,0.0,40247.3392,5249.23
2025-10-25 02:00:00+00:00,-17.4609011771459,0.0,40247.3392,5249.23
2025-10-25 02:15:00+00:00,-15.860019717428528,0.0,40247.3392,5249.23
2025-10-25 02:30:00+00:00,-13.730106601156734,0.0,40247.3392,5249.23
2025-10-25 02:45:00+00:00,-10.777004205099374,0.0,40247.3392,5249.23
2025-10-25 03:00:00+00:00,-9.278088975455605,0.0,40247.3392,5249.23
2025-10-25 03:15:00+00:00,-6.640027412448404,0.0,40247.3392,5249.23
2025-10-25 03:30:00+00:00,-3.309456149350005,0.0,40247.3392,5249.23
2025-10-25 03:45:00+00:00,1.0495367695048117,0.0,40247.3392,5249.23
2025-10-25 04:00:00+00:00,3.302967613780119,0.0,40247.3392,5249.23
2025-10-25 04:15:00+00:00,6.394739247646569,0.0,40247.3392,5249.23
2025-10-25 04:30:00+00:00,10.444084470401606,0.0,40247.3392,5249.23
2025-10-25 04:45:00+00:00,15.203518037888642,0.0,40247.3392,5249.23
2025-10-25 05:00:00+00:00,19.95239784553665,0.0,40247.3392,5249.23
2025-10-25 05:15:00+00:00,23.938192615700714,0.0,40247.3392,5249.23
2025-10-25 05:30:00+00:00,28.42740283275268,0.0,40247.3392,5249.23
2025-10-25 05:45:00+00:00,32.54905116182926,0.0,40247.3392,5249.23
2025-10-25 06:00:00+00:00,37.04738946210639,0.0,40247.3392,5249.23
2025-10-25 06:15:00+00:00,40.76645496457338,0.0,40247.3392,5249.23
2025-10-25 06:30:00+00:00,43.09548940405102,0.0,40247.3392,5249.23
2025-10-25 06:45:00+00:00,44.17876851713385,0.0,40247.3392,5249.23
2025-10-25 07:00:00+00:00,46.562272532171775,0.0,40247.3392,5249.23
2025-10-25 07:15:00+00:00,47.62688469821915,0.0,40247.3392,5249.23
2025-10-25 07:30:00+00:00,46.7726728297006,0.0,40247.3392,5249.23
2025-10-25 07:45:00+00:00,44.40035506518425,0.0,40247.3392,5249.23
2025-10-25 08:00:00+00:00,44.23776072072964,0.0,40247.3392,5249.23
2025-10-25 08:15:00+00:00,41.790108129087166,0.0,40247.3392,5249.23
2025-10-25 08:30:00+00:00,37.78549635513439,0.0,40247.3392,5249.23
2025-10-25 08:45:00+00:00,32.26153938901619,0.0,40247.3392,5249.23
2025-10-25 09:00:00+00:00,30.15345128252551,0.0,40247.3392,5249.23
2025-10-25 09:15:00+00:00,26.0920722014193,0.0,40247.3392,5249.23
2025-10-25 09:30:00+00:00,20.308533763351967,0.0,40247.3392,5249.23
2025-10-25 09:45:00+00:00,12.725441570452066,0.0,40247.3392,5249.23
2025-10-25 10:00:00+00:00,7.472277444935663,0.0,40247.3392,5249.23
2025-10-25 10:15:00+00:00,2.69398463667347,0.0,40247.3392,5249.23
2025-10-25 10:30:00+00:00,-1.8138426261622984,0.0,40247.3392,5249.23
2025-10-25 10:45:00+00:00,-6.202711499054885,0.0,40247.3392,5249.23
2025-10-25 11:00:00+00:00,-10.48408971389037,0.0,40247.3392,5249.23
2025-10-25 11:15:00+00:00,-13.685159775820315,0.0,40247.3392,5249.23
2025-10-25 11:30:00+00:00,-16.089746813393937,0.0,40247.3392,5249.23
2025-10-25 11:45:00+00:00,-17.677562487992304,0.0,40247.3392,5249.23
2025-10-25 12:00:00+00:00,-19.0467944306085,0.0,40247.3392,5249.23
2025-10-25 12:15:00+00:00,-19.90320802905336,0.0,40247.3392,5249.23
2025-10-25 12:30:00+00:00,-20.0325665932016,0.0,40247.3392,5249.23
2025-10-25 12:45:00+00:00,-19.791743274135,0.0,40247.3392,5249.23
2025-10-25 13:00:00+00:00,-19.70441010037574,0.0,40247.3392,5249.23
2025-10-25 13:15:00+00:00,-19.14511350543897,0.0,40247.3392,5249.23
2025-10-25 13:30:00+00:00,-17.72163821995955,0.0,40247.3392,5249.23
2025-10-25 13:45:00+00:00,-15.507695318907196,0.0,40247.3392,5249.23
2025-10-25 14:00:00+00:00,-14.290486398963068,0.0,40247.3392,5249.23
2025-10-25 14:15:00+00:00,-10.853849892331027,0.0,40247.3392,5249.23
2025-10-25 14:30:00+00:00,-5.750188749146574,0.0,40247.3392,5249.23
2025-10-25 14:45:00+00:00,0.4405244963858905,0.0,40247.3392,5249.23
2025-10-25 15:00:00+00:00,3.2546358169733764,0.0,40247.3392,5249.23
2025-10-25 15:15:00+00:00,7.661975140835338,0.0,40247.3392,5249.23
2025-10-25 15:30:00+00:00,12.908055242726851,0.0,40247.3392,5249.23
2025-10-25 15:45:00+00:00,19.33923338801561,0.0,40247.3392,5249.23
2025-10-25 16:00:00+00:00,23.14427636838122,0.0,40247.3392,5249.23
2025-10-25 16:15:00+00:00,26.709437299924907,0.0,40247.3392,5249.23
2025-10-25 16:30:00+00:00,30.69979379440938,0.0,40247.3392,5249.23
2025-10-25 16:45:00+00:00,34.57228263897499,0.0,40247.3392,5249.23
2025-10-25 17:00:00+00:00,38.49192242193935,0.0,40247.3392,5249.23
2025-10-25 17:15:00+00:00,40.31921869031078,0.0,40247.3392,5249.23
2025-10-25 17:30:00+00:00,41.676738010924055,0.0,40247.3392,5249.23
2025-10-25 17:45:00+00:00,42.69346942726919,0.0,40247.3392,5249.23
2025-10-25 18:00:00+00:00,44.043005423520064,0.0,40247.3392,5249.23
2025-10-25 18:15:00+00:00,44.27997286109294,0.0,40247.3392,5249.23
2025-10-25 18:30:00+00:00,42.872716077796575,0.0,40247.3392,5249.23
2025-10-25 18:45:00+00:00,41.33308073304136,0.0,40247.3392,5249.23
2025-10-25 19:00:00+00:00,41.43368437257216,0.0,40247.3392,5249.23
2025-10-25 19:15:00+00:00,40.51949216581201,0.0,40247.3392,5249.23
2025-10-25 19:30:00+00:00,37.78125429466415,0.0,40247.3392,5249.23
2025-10-25 19:45:00+00:00,33.297653930174064,0.0,40247.3392,5249.23
2025-10-25 20:00:00+00:00,31.91920357420816,0.0,40247.3392,5249.23
2025-10-25 20:15:00+00:00,29.90529288781281,0.0,40247.3392,5249.23
2025-10-25 20:30:00+00:00,27.98539670920745,0.0,40247.3392,5249.23
2025-10-25 20:45:00+00:00,24.31533154058784,0.0,40247.3392,5249.23
2025-10-25 21:00:00+00:00,21.599871896778552,0.0,40247.3392,5249.23
2025-10-25 21:15:00+00:00,17.646612246064638,0.0,40247.3392,5249.23
2025-10-25 21:30:00+00:00,14.333199656055852,0.0,40247.3392,5249.23
2025-10-25 21:45:00+00:00,11.33909618571404,0.0,40247.3392,5249.23
2025-10-25 22:00:00+00:00,1.3639096032746352,0.0,36501.22538,5593.72
2025-10-25 22:15:00+00:00,-0.6357718403899675,0.0,36501.22538,5593.72
2025-10-25 22:30:00+00:00,-3.680230827049272,0.0,36501.22538,5593.72
2025-10-25 22:45:00+00:00,-6.059380942633865,0.0,36501.22538,5593.72
2025-10-25 23:00:00+00:00,-7.979896022853353,0.0,36501.22538,5593.72
2025-10-25 23:15:00+00:00,-9.01362906827964,0.0,36501.22538,5593.72
2025-10-25 23:30:00+00:00,-10.169543939456004,0.0,36501.22538,5593.72
2025-10-25 23:45:00+00:00,-11.04782483014587,0.0,36501.22538,5593.72
2025-10-26 00:00:00+00:00,-11.624029158098494,0.0,36501.22538,5593.72
2025-10-26 00:15:00+00:00,-11.540789414858835,0.0,36501.22538,5593.72
2025-10-26 00:30:00+00:00,-11.058750486097397,0.0,36501.22538,5593.72
2025-10-26 00:45:00+00:00,-9.903623367936888,0.0,36501.22538,5593.72
2025-10-26 01:00:00+00:00,-9.874221155435848,0.0,36501.22538,5593.72
2025-10-26 01:15:00+00:00,-9.147860409041456,0.0,36501.22538,5593.72
2025-10-26 01:30:00+00:00,-8.025005018526869,0.0,36501.22538,5593.72
2025-10-26 01:45:00+00:00,-6.772947415238761,0.0,36501.22538,5593.72
2025-10-26 02:00:00+00:00,-6.351563641617773,0.0,36501.22538,5593.72
2025-10-26 02:15:00+00:00,-5.659447832876168,0.0,36501.22538,5593.72
2025-10-26 02:30:00+00:00,-5.095470745334069,0.0,36501.22538,5593.72
2025-10-26 02:45:00+00:00,-4.396520266217522,0.0,36501.22538,5593.72
2025-10-26 03:00:00+00:00,-3.715839605589992,0.0,36501.22538,5593.72
2025-10-26 03:15:00+00:00,-2.687071909032245,0.0,36501.22538,5593.72
2025-10-26 03:30:00+00:00,-1.825687572722792,0.0,36501.22538,5593.72
2025-10-26 03:45:00+00:00,-1.1120900489218997,0.0,36501.22538,5593.72
2025-10-26 04:00:00+00:00,-0.1165753843832959,0.0,36501.22538,5593.72
2025-10-26 04:15:00+00:00,0.849234985387664,0.0,36501.22538,5593.72
2025-10-26 04:30:00+00:00,1.9282948291667448,0.0,36501.22538,5593.72
2025-10-26 04:45:00+00:00,2.94977731224402,0.0,36501.22538,5593.72
2025-10-26 05:00:00+00:00,4.065602017207151,0.0,36501.22538,5593.72
2025-10-26 05:15:00+00:00,4.941576008415911,0.0,36501.22538,5593.72
2025-10-26 05:30:00+00:00,5.456042044883574,0.0,36501.22538,5593.72
2025-10-26 05:45:00+00:00,5.773113066046882,0.0,36501.22538,5593.72
2025-10-26 06:00:00+00:00,6.716305676357656,0.0,36501.22538,5593.72
2025-10-26 06:15:00+00:00,6.902428831326581,0.0,36501.22538,5593.72
2025-10-26 06:30:00+00:00,6.755252804940934,0.0,36501.22538,5593.72
2025-10-26 06:45:00+00:00,5.937766883514758,0.0,36501.22538,5593.72
2025-10-26 07:00:00+00:00,6.60465875608422,0.0,36501.22538,5593.72
2025-10-26 07:15:00+00:00,6.382678600107777,0.0,36501.22538,5593.72
2025-10-26 07:30:00+00:00,5.751587754375386,0.0,36501.22538,5593.72
2025-10-26 07:45:00+00:00,5.003959950699567,0.0,36501.22538,5593.72
2025-10-26 08:00:00+00:00,5.080575771203925,0.0,36501.22538,5593.72
2025-10-26 08:15:00+00:00,4.787340672375152,0.0,36501.22538,5593.72
2025-10-26 08:30:00+00:00,4.435001971996687,0.0,36501.22538,5593.72
2025-10-26 08:45:00+00:00,3.855794048955943,0.0,36501.22538,5593.72
2025-10-26 09:00:00+00:00,3.346036120224756,0.0,36501.22538,5593.72
2025-10-26 09:15:00+00:00,2.273814690324844,0.0,36501.22538,5593.72
2025-10-26 09:30:00+00:00,1.4355692630630337,0.0,36501.22538,5593.72
2025-10-26 09:45:00+00:00,0.6447405095344045,0.0,36501.22538,5593.72
2025-10-26 10:00:00+00:00,-0.4221279223837193,0.0,36501.22538,5593.72
2025-10-26 10:15:00+00:00,-1.4894573911241515,0.0,36501.22538,5593.72
2025-10-26 10:30:00+00:00,-2.5468799091325565,0.0,36501.22538,5593.72
2025-10-26 10:45:00+00:00,-3.6036146522988872,0.0,36501.22538,5593.72
2025-10-26 11:00:00+00:00,-4.790976762400035,0.0,36501.22538,5593.72
2025-10-26 11:15:00+00:00,-5.780291557708381,0.0,36501.22538,5593.72
2025-10-26 11:30:00+00:00,-6.523123230159087,0.0,36501.22538,5593.72
2025-10-26 11:45:00+00:00,-6.970043868666295,0.0,36501.22538,5593.72
2025-10-26 12:00:00+00:00,-7.760993235421196,0.0,36501.22538,5593.72
2025-10-26 12:15:00+00:00,-7.798932467637059,0.0,36501.22538,5593.72
2025-10-26 12:30:00+00:00,-7.330405424672122,0.0,36501.22538,5593.72
2025-10-26 12:45:00+00:00,-6.07168334322445,0.0,36501.22538,5593.72
2025-10-26 13:00:00+00:00,-6.387980630007235,0.0,36501.22538,5593.72
2025-10-26 13:15:00+00:00,-5.689617158960914,0.0,36501.22538,5593.72
2025-10-26 13:30:00+00:00,-4.567485876010906,0.0,36501.22538,5593.72
2025-10-26 13:45:00+00:00,-3.326485997427298,0.0,36501.22538,5593.72
2025-10-26 14:00:00+00:00,-2.968572209324293,0.0,36501.22538,5593.72
2025-10-26 14:15:00+00:00,-2.206072642838226,0.0,36501.22538,5593.72
2025-10-26 14:30:00+00:00,-1.6290994457932475,0.0,36501.22538,5593.72
2025-10-26 14:45:00+00:00,-0.6186164090358055,0.0,36501.22538,5593.72
2025-10-26 15:00:00+00:00,0.4456552566900633,0.0,36501.22538,5593.72
2025-10-26 15:15:00+00:00,2.7192732120352225,0.0,36501.22538,5593.72
2025-10-26 15:30:00+00:00,5.041786650214643,0.0,36501.22538,5593.72
2025-10-26 15:45:00+00:00,7.172353796645904,0.0,36501.22538,5593.72
2025-10-26 16:00:00+00:00,10.212362335964045,0.0,36501.22538,5593.72
2025-10-26 16:15:00+00:00,13.226760098430177,0.0,36501.22538,5593.72
2025-10-26 16:30:00+00:00,16.679154070426172,0.0,36501.22538,5593.72
2025-10-26 16:45:00+00:00,19.548519314394813,0.0,36501.22538,5593.72
2025-10-26 17:00:00+00:00,22.84752178865224,0.0,36501.22538,5593.72
2025-10-26 17:15:00+00:00,25.393028650234378,0.0,36501.22538,5593.72
2025-10-26 17:30:00+00:00,27.24003315346959,0.0,36501.22538,5593.72
2025-10-26 17:45:00+00:00,28.379027645422493,0.0,36501.22538,5593.72
2025-10-26 18:00:00+00:00,29.92549696927795,0.0,36501.22538,5593.72
2025-10-26 18:15:00+00:00,29.361673441862205,0.0,36501.22538,5593.72
2025-10-26 18:30:00+00:00,27.97574396553414,0.0,36501.22538,5593.72
2025-10-26 18:45:00+00:00,24.55832579297829,0.0,36501.22538,5593.72
2025-10-26 19:00:00+00:00,24.47122692894771,0.0,36501.22538,5593.72
2025-10-26 19:15:00+00:00,22.34609793221548,0.0,36501.22538,5593.72
2025-10-26 19:30:00+00:00,19.038917553925728,0.0,36501.22538,5593.72
2025-10-26 19:45:00+00:00,15.338324207682724,0.0,36501.22538,5593.72
2025-10-26 20:00:00+00:00,14.445765397800724,0.0,36501.22538,5593.72
2025-10-26 20:15:00+00:00,12.651823573035356,0.0,36501.22538,5593.72
2025-10-26 20:30:00+00:00,11.187063582275991,0.0,36501.22538,5593.72
2025-10-26 20:45:00+00:00,9.489950067770293,0.0,36501.22538,5593.72
2025-10-26 21:00:00+00:00,8.043205776229485,0.0,36501.22538,5593.72
2025-10-26 21:15:00+00:00,6.399294469063861,0.0,36501.22538,5593.72
2025-10-26 21:30:00+00:00,5.294194714055795,0.0,36501.22538,5593.72
2025-10-26 21:45:00+00:00,4.405264778222872,0.0,36501.22538,5593.72
2025-10-26 22:00:00+00:00,3.220487807675763,0.0,36501.22538,5593.72
2025-10-26 22:15:00+00:00,1.9335561992423536,0.0,36501.22538,5593.72
2025-10-26 22:30:00+00:00,0.5353302842345684,0.0,36501.22538,5593.72
2025-10-26 22:45:00+00:00,-0.7560027382476306,0.0,36501.22538,5593.72
2025-10-26 23:00:00+00:00,5.558505485902913,0.0,40489.85421,5268.29
2025-10-26 23:15:00+00:00,9.819103875254314,0.0,40489.85421,5268.29
2025-10-26 23:30:00+00:00,9.270293470292708,0.0,40489.85421,5268.29
2025-10-26 23:45:00+00:00,10.840835181680184,0.0,40489.85421,5268.29
2025-10-27 00:00:00+00:00,14.45123651971151,0.0,40489.85421,5268.29
2025-10-27 00:15:00+00:00,16.77861081867787,0.0,40489.85421,5268.29
2025-10-27 00:30:00+00:00,19.33687529871917,0.0,40489.85421,5268.29
2025-10-27 00:45:00+00:00,21.69049988785302,0.0,40489.85421,5268.29
2025-10-27 01:00:00+00:00,23.29961468275485,0.0,40489.85421,5268.29
2025-10-27 01:15:00+00:00,24.94953645912011,0.0,40489.85421,5268.29
2025-10-27 01:30:00+00:00,27.19141690027533,0.0,40489.85421,5268.29
2025-10-27 01:45:00+00:00,28.88341107995716,0.0,40489.85421,5268.29
2025-10-27 02:00:00+00:00,29.860939504809103,0.0,40489.85421,5268.29
2025-10-27 02:15:00+00:00,30.532290006645304,0.0,40489.85421,5268.29
2025-10-27 02:30:00+00:00,31.079940100425205,0.0,40489.85421,5268.29
2025-10-27 02:45:00+00:00,31.549209476189,0.0,40489.85421,5268.29
2025-10-27 03:00:00+00:00,31.614109423314027,0.0,40489.85421,5268.29
2025-10-27 03:15:00+00:00,31.62202349902197,0.0,40489.85421,5268.29
2025-10-27 03:30:00+00:00,31.08379865170433,0.0,40489.85421,5268.29
2025-10-27 03:45:00+00:00,31.14237069132345,0.0,40489.85421,5268.29
2025-10-27 04:00:00+00:00,31.18310780580044,0.0,40489.85421,5268.29
2025-10-27 04:15:00+00:00,31.510576630038656,0.0,40489.85421,5268.29
2025-10-27 04:30:00+00:00,31.98684507154009,0.0,40489.85421,5268.29
2025-10-27 04:45:00+00:00,32.43715788394814,0.0,40489.85421,5268.29
2025-10-27 05:00:00+00:00,32.777250853748214,0.0,40489.85421,5268.29
2025-10-27 05:15:00+00:00,32.89655448788241,0.0,40489.85421,5268.29
2025-10-27 05:30:00+00:00,33.39709483200271,0.0,40489.85421,5268.29
2025-10-27 05:45:00+00:00,33.27053099562078,0.0,40489.85421,5268.29
2025-10-27 06:00:00+00:00,33.58515765324258,0.0,40489.85421,5268.29
2025-10-27 06:15:00+00:00,33.656580120333274,0.0,40489.85421,5268.29
2025-10-27 06:30:00+00:00,33.439632460586985,0.0,40489.85421,5268.29
2025-10-27 06:45:00+00:00,33.041118628712546,0.0,40489.85421,5268.29
2025-10-27 07:00:00+00:00,33.174547725322824,0.0,40489.85421,5268.29
2025-10-27 07:15:00+00:00,32.63971025655717,0.0,40489.85421,5268.29
2025-10-27 07:30:00+00:00,31.6686169880762,0.0,40489.85421,5268.29
2025-10-27 07:45:00+00:00,30.863601602593555,0.0,40489.85421,5268.29
2025-10-27 08:00:00+00:00,30.398370256727063,0.0,40489.85421,5268.29
2025-10-27 08:15:00+00:00,29.861416193586848,0.0,40489.85421,5268.29
2025-10-27 08:30:00+00:00,29.27064127604149,0.0,40489.85421,5268.29
2025-10-27 08:45:00+00:00,28.57431051907139,0.0,40489.85421,5268.29
2025-10-27 09:00:00+00:00,28.41639961225802,0.0,40489.85421,5268.29
2025-10-27 09:15:00+00:00,28.220221106013604,0.0,40489.85421,5268.29
2025-10-27 09:30:00+00:00,28.398857015788018,0.0,40489.85421,5268.29
2025-10-27 09:45:00+00:00,27.8873980911999,0.0,40489.85421,5268.29
2025-10-27 10:00:00+00:00,27.631985206437747,0.0,40489.85421,5268.29
2025-10-27 10:15:00+00:00,27.02644570157453,0.0,40489.85421,5268.29
2025-10-27 10:30:00+00:00,26.25801203583421,0.0,40489.85421,5268.29
2025-10-27 10:45:00+00:00,25.530887183425364,0.0,40489.85421,5268.29
2025-10-27 11:00:00+00:00,25.072309033329248,0.0,40489.85421,5268.29
2025-10-27 11:15:00+00:00,24.83952641515512,0.0,40489.85421,5268.29
2025-10-27 11:30:00+00:00,24.251434030002784,0.0,40489.85421,5268.29
2025-10-27 11:45:00+00:00,24.362849688671048,0.0,40489.85421,5268.29
2025-10-27 12:00:00+00:00,24.138540798777576,0.0,40489.85421,5268.29
2025-10-27 12:15:00+00:00,24.124560987392115,0.0,40489.85421,5268.29
2025-10-27 12:30:00+00:00,24.354676915698228,0.0,40489.85421,5268.29
2025-10-27 12:45:00+00:00,24.806032906243907,0.0,40489.85421,5268.29
2025-10-27 13:00:00+00:00,24.882384311422,0.0,40489.85421,5268.29
2025-10-27 13:15:00+00:00,25.62255369330596,0.0,40489.85421,5268.29
2025-10-27 13:30:00+00:00,26.802127745587896,0.0,40489.85421,5268.29
2025-10-27 13:45:00+00:00,27.80559604395188,0.0,40489.85421,5268.29
2025-10-27 14:00:00+00:00,28.54179822027978,0.0,40489.85421,5268.29
2025-10-27 14:15:00+00:00,29.38382255792819,0.0,40489.85421,5268.29
2025-10-27 14:30:00+00:00,30.250312113918405,0.0,40489.85421,5268.29
2025-10-27 14:45:00+00:00,31.17437652397463,0.0,40489.85421,5268.29
2025-10-27 15:00:00+00:00,31.63904328544229,0.0,40489.85421,5268.29
2025-10-27 15:15:00+00:00,32.11196614990606,0.0,40489.85421,5268.29
2025-10-27 15:30:00+00:00,32.11637895399775,0.0,40489.85421,5268.29
2025-10-27 15:45:00+00:00,33.62734372770313,0.0,40489.85421,5268.29
2025-10-27 16:00:00+00:00,34.21794226230765,0.0,40489.85421,5268.29
2025-10-27 16:15:00+00:00,36.6330817449668,0.0,40489.85421,5268.29
2025-10-27 16:30:00+00:00,39.68623454526709,0.0,40489.85421,5268.29
2025-10-27 16:45:00+00:00,42.51111815896567,0.0,40489.85421,5268.29
2025-10-27 17:00:00+00:00,44.61959438136989,0.0,40489.85421,5268.29
2025-10-27 17:15:00+00:00,46.13281480210559,0.0,40489.85421,5268.29
2025-10-27 17:30:00+00:00,48.56972223355684,0.0,40489.85421,5268.29
2025-10-27 17:45:00+00:00,48.61585120131229,0.0,40489.85421,5268.29
2025-10-27 18:00:00+00:00,50.37273938282397,0.0,40489.85421,5268.29
2025-10-27 18:15:00+00:00,51.35532724265298,0.0,40489.85421,5268.29
2025-10-27 18:30:00+00:00,51.072651516780425,0.0,40489.85421,5268.29
2025-10-27 18:45:00+00:00,50.02342774592845,0.0,40489.85421,5268.29
2025-10-27 19:00:00+00:00,50.88528353318941,0.0,40489.85421,5268.29
2025-10-27 19:15:00+00:00,49.088353505393215,0.0,40489.85421,5268.29
2025-10-27 19:30:00+00:00,45.72207095549692,0.0,40489.85421,5268.29
2025-10-27 19:45:00+00:00,43.08066252364454,0.0,40489.85421,5268.29
2025-10-27 20:00:00+00:00,41.4236373709954,0.0,40489.85421,5268.29
2025-10-27 20:15:00+00:00,39.5151365293268,0.0,40489.85421,5268.29
2025-10-27 20:30:00+00:00,37.374851701905605,0.0,40489.85421,5268.29
2025-10-27 20:45:00+00:00,35.27991539240936,0.0,40489.85421,5268.29
2025-10-27 21:00:00+00:00,34.40739532448154,0.0,40489.85421,5268.29
2025-10-27 21:15:00+00:00,33.446298065766136,0.0,40489.85421,5268.29
2025-10-27 21:30:00+00:00,33.928074893594975,0.0,40489.85421,5268.29
2025-10-27 21:45:00+00:00,33.10974182870389,0.0,40489.85421,5268.29
2025-10-27 22:00:00+00:00,31.808127124810586,0.0,40489.85421,5268.29
2025-10-27 22:15:00+00:00,31.51544129064014,0.0,40489.85421,5268.29
2025-10-27 22:30:00+00:00,31.38606369801606,0.0,40489.85421,5268.29
2025-10-27 22:45:00+00:00,31.11371186391085,0.0,40489.85421,5268.29
2025-10-27 23:00:00+00:00,42.92023455811049,0.0,40489.85421,5859.2
2025-10-27 23:15:00+00:00,38.26112703422209,0.0,40489.85421,5859.2
2025-10-27 23:30:00+00:00,29.74886348772607,0.0,40489.85421,5859.2
2025-10-27 23:45:00+00:00,22.850439123320633,0.0,40489.85421,5859.2
2025-10-28 00:00:00+00:00,15.313161031385512,0.0,40489.85421,5859.2
2025-10-28 00:15:00+00:00,10.688269981246936,0.0,40489.85421,5859.2
2025-10-28 00:30:00+00:00,7.791741092120809,0.0,40489.85421,5859.2
2025-10-28 00:45:00+00:00,5.3775516022259335,0.0,40489.85421,5859.2
2025-10-28 01:00:00+00:00,2.4416348308542197,0.0,40489.85421,5859.2
2025-10-28 01:15:00+00:00,-0.40311639742304095,0.0,40489.85421,5859.2
2025-10-28 01:30:00+00:00,-1.6101511209134358,0.0,40489.85421,5859.2
2025-10-28 01:45:00+00:00,-1.4080535679241848,0.0,40489.85421,5859.2
2025-10-28 02:00:00+00:00,-1.7041056058332558,0.0,40489.85421,5859.2
2025-10-28 02:15:00+00:00,-1.8536997710596665,0.0,40489.85421,5859.2
2025-10-28 02:30:00+00:00,-1.3081296351127634,0.0,40489.85421,5859.2
2025-10-28 02:45:00+00:00,0.09679953442696387,0.0,40489.85421,5859.2
2025-10-28 03:00:00+00:00,0.4485927657385247,0.0,40489.85421,5859.2
2025-10-28 03:15:00+00:00,1.4779969096933456,0.0,40489.85421,5859.2
2025-10-28 03:30:00+00:00,2.9759810226459145,0.0,40489.85421,5859.2
2025-10-28 03:45:00+00:00,5.203566839871403,0.0,40489.85421,5859.2
2025-10-28 04:00:00+00:00,5.997953153502662,0.0,40489.85421,5859.2
2025-10-28 04:15:00+00:00,7.151234521095775,0.0,40489.85421,5859.2
2025-10-28 04:30:00+00:00,9.325695673898966,0.0,40489.85421,5859.2
2025-10-28 04:45:00+00:00,13.013891617775508,0.0,40489.85421,5859.2
2025-10-28 05:00:00+00:00,14.798437756350054,0.0,40489.85421,5859.2
2025-10-28 05:15:00+00:00,18.444375009490116,0.0,40489.85421,5859.2
2025-10-28 05:30:00+00:00,24.9788714857242,0.0,40489.85421,5859.2
2025-10-28 05:45:00+00:00,33.324624768334516,0.0,40489.85421,5859.2
2025-10-28 06:00:00+00:00,37.167143552546555,0.0,40489.85421,5859.2
2025-10-28 06:15:00+00:00,41.66831240029919,0.0,40489.85421,5859.2
2025-10-28 06:30:00+00:00,45.77668648835088,0.0,40489.85421,5859.2
2025-10-28 06:45:00+00:00,50.116017944839555,0.0,40489.85421,5859.2
2025-10-28 07:00:00+00:00,55.5427761886489,0.0,40489.85421,5859.2
2025-10-28 07:15:00+00:00,59.885675268195875,0.0,40489.85421,5859.2
2025-10-28 07:30:00+00:00,62.282701175330224,0.0,40489.85421,5859.2
2025-10-28 07:45:00+00:00,62.21489239215087,0.0,40489.85421,5859.2
2025-10-28 08:00:00+00:00,65.20471320308178,0.0,40489.85421,5859.2
2025-10-28 08:15:00+00:00,67.390763811563,0.0,40489.85421,5859.2
2025-10-28 08:30:00+00:00,67.81859537342245,0.0,40489.85421,5859.2
2025-10-28 08:45:00+00:00,66.01209180058434,0.0,40489.85421,5859.2
2025-10-28 09:00:00+00:00,66.75195240399214,0.0,40489.85421,5859.2
2025-10-28 09:15:00+00:00,66.35366702362572,0.0,40489.85421,5859.2
2025-10-28 09:30:00+00:00,65.14212156883333,0.0,40489.85421,5859.2
2025-10-28 09:45:00+00:00,62.57417902447341,0.0,40489.85421,5859.2
2025-10-28 10:00:00+00:00,62.49486584351395,0.0,40489.85421,5859.2
2025-10-28 10:15:00+00:00,61.475133692372474,0.0,40489.85421,5859.2
2025-10-28 10:30:00+00:00,59.424555069190866,0.0,40489.85421,5859.2
2025-10-28 10:45:00+00:00,56.64987040558453,0.0,40489.85421,5859.2
2025-10-28 11:00:00+00:00,54.72050865243213,0.0,40489.85421,5859.2
2025-10-28 11:15:00+00:00,52.21723286252671,0.0,40489.85421,5859.2
2025-10-28 11:30:00+00:00,49.52241289846236,0.0,40489.85421,5859.2
2025-10-28 11:45:00+00:00,47.0609813643126,0.0,40489.85421,5859.2
2025-10-28 12:00:00+00:00,44.73792131890006,0.0,40489.85421,5859.2
2025-10-28 12:15:00+00:00,42.69643752689606,0.0,40489.85421,5859.2
2025-10-28 12:30:00+00:00,41.1756886439992,0.0,40489.85421,5859.2
2025-10-28 12:45:00+00:00,39.80109963204087,0.0,40489.85421,5859.2
2025-10-28 13:00:00+00:00,37.83549514581353,0.0,40489.85421,5859.2
2025-10-28 13:15:00+00:00,36.61071188356434,0.0,40489.85421,5859.2
2025-10-28 13:30:00+00:00,36.53385869695709,0.0,40489.85421,5859.2
2025-10-28 13:45:00+00:00,37.74488437101245,0.0,40489.85421,5859.2
2025-10-28 14:00:00+00:00,36.31100014353401,0.0,40489.85421,5859.2
2025-10-28 14:15:00+00:00,35.20434875864513,0.0,40489.85421,5859.2
2025-10-28 14:30:00+00:00,36.27979151605066,0.0,40489.85421,5859.2
2025-10-28 14:45:00+00:00,39.090282606294586,0.0,40489.85421,5859.2
2025-10-28 15:00:00+00:00,39.38804117837186,0.0,40489.85421,5859.2
2025-10-28 15:15:00+00:00,40.27758359999428,0.0,40489.85421,5859.2
2025-10-28 15:30:00+00:00,42.114998873220465,0.0,40489.85421,5859.2
2025-10-28 15:45:00+00:00,45.05378948105985,0.0,40489.85421,5859.2
2025-10-28 16:00:00+00:00,46.064110225082224,0.0,40489.85421,5859.2
2025-10-28 16:15:00+00:00,48.02810963106533,0.0,40489.85421,5859.2
2025-10-28 16:30:00+00:00,50.71300261997022,0.0,40489.85421,5859.2
2025-10-28 16:45:00+00:00,54.18145089438903,0.0,40489.85421,5859.2
2025-10-28 17:00:00+00:00,56.18813481449003,0.0,40489.85421,5859.2
2025-10-28 17:15:00+00:00,58.61596531595041,0.0,40489.85421,5859.2
2025-10-28 17:30:00+00:00,62.75706602892324,0.0,40489.85421,5859.2
2025-10-28 17:45:00+00:00,66.53334604842226,0.0,40489.85421,5859.2
2025-10-28 18:00:00+00:00,69.95406692957499,0.0,40489.85421,5859.2
2025-10-28 18:15:00+00:00,71.65286723820142,0.0,40489.85421,5859.2
2025-10-28 18:30:00+00:00,71.67492306783404,0.0,40489.85421,5859.2
2025-10-28 18:45:00+00:00,71.12486680547624,0.0,40489.85421,5859.2
2025-10-28 19:00:00+00:00,73.0430482539052,0.0,40489.85421,5859.2
2025-10-28 19:15:00+00:00,75.01039840328082,0.0,40489.85421,5859.2
2025-10-28 19:30:00+00:00,74.27693491933954,0.0,40489.85421,5859.2
2025-10-28 19:45:00+00:00,71.1253847021282,0.0,40489.85421,5859.2
2025-10-28 20:00:00+00:00,70.35443807321931,0.0,40489.85421,5859.2
2025-10-28 20:15:00+00:00,70.16175215852448,0.0,40489.85421,5859.2
2025-10-28 20:30:00+00:00,68.53844500588548,0.0,40489.85421,5859.2
2025-10-28 20:45:00+00:00,65.66005865248057,0.0,40489.85421,5859.2
2025-10-28 21:00:00+00:00,65.21040267822076,0.0,40489.85421,5859.2
2025-10-28 21:15:00+00:00,63.81213022229753,0.0,40489.85421,5859.2
2025-10-28 21:30:00+00:00,62.414227115180644,0.0,40489.85421,5859.2
2025-10-28 21:45:00+00:00,59.69038021070191,0.0,40489.85421,5859.2
2025-10-28 22:00:00+00:00,59.61928636896807,0.0,40489.85421,5859.2
2025-10-28 22:15:00+00:00,58.14735765647397,0.0,40489.85421,5859.2
2025-10-28 22:30:00+00:00,55.65008771663319,0.0,40489.85421,5859.2
2025-10-28 22:45:00+00:00,52.46373332366203,0.0,40489.85421,5859.2
2025-10-28 23:00:00+00:00,47.614133847269834,0.0,40489.85421,5859.2
2025-10-28 23:15:00+00:00,43.44579202866487,0.0,40489.85421,5859.2
2025-10-28 23:30:00+00:00,39.03140907000986,0.0,40489.85421,5859.2
2025-10-28 23:45:00+00:00,34.558193838926954,0.0,40489.85421,5859.2
2025-10-29 00:00:00+00:00,29.24033304073448,0.0,40489.85421,5859.2
2025-10-29 00:15:00+00:00,23.99294467145604,0.0,40489.85421,5859.2
2025-10-29 00:30:00+00:00,19.173790064360023,0.0,40489.85421,5859.2
2025-10-29 00:45:00+00:00,14.791728192393215,0.0,40489.85421,5859.2
2025-10-29 01:00:00+00:00,10.804091543747091,0.0,40489.85421,5859.2
2025-10-29 01:15:00+00:00,6.923268370793476,0.0,40489.85421,5859.2
2025-10-29 01:30:00+00:00,3.5172409277949406,0.0,40489.85421,5859.2
2025-10-29 01:45:00+00:00,0.8298444638893194,0.0,40489.85421,5859.2
2025-10-29 02:00:00+00:00,-1.2990995480091598,0.0,40489.85421,5859.2
2025-10-29 02:15:00+00:00,-3.0397876976828684,0.0,40489.85421,5859.2
2025-10-29 02:30:00+00:00,-4.287776197041197,0.0,40489.85421,5859.2
2025-10-29 02:45:00+00:00,-4.874758683120099,0.0,40489.85421,5859.2
2025-10-29 03:00:00+00:00,-5.154261939742597,0.0,40489.85421,5859.2
2025-10-29 03:15:00+00:00,-5.0813455131040755,0.0,40489.85421,5859.2
2025-10-29 03:30:00+00:00,-4.614008384032431,0.0,40489.85421,5859.2
2025-10-29 03:45:00+00:00,-3.661398437892558,0.0,40489.85421,5859.2
2025-10-29 04:00:00+00:00,-2.612392603242121,0.0,40489.85421,5859.2
2025-10-29 04:15:00+00:00,-1.4392433682378112,0.0,40489.85421,5859.2
2025-10-29 04:30:00+00:00,0.007936602454300612,0.0,40489.85421,5859.2
2025-10-29 04:45:00+00:00,1.8735203451047404,0.0,40489.85421,5859.2
2025-10-29 05:00:00+00:00,3.8559926899765173,0.0,40489.85421,5859.2
2025-10-29 05:15:00+00:00,6.019142791600428,0.0,40489.85421,5859.2
2025-10-29 05:30:00+00:00,8.655861631719338,0.0,40489.85421,5859.2
2025-10-29 05:45:00+00:00,11.831001211810323,0.0,40489.85421,5859.2
2025-10-29 06:00:00+00:00,15.029138013243232,0.0,40489.85421,5859.2
2025-10-29 06:15:00+00:00,18.209909036240344,0.0,40489.85421,5859.2
2025-10-29 06:30:00+00:00,21.369216686601238,0.0,40489.85421,5859.2
2025-10-29 06:45:00+00:00,24.597687064230115,0.0,40489.85421,5859.2
2025-10-29 07:00:00+00:00,28.102199648670773,0.0,40489.85421,5859.2
2025-10-29 07:15:00+00:00,31.58784239067962,0.0,40489.85421,5859.2
2025-10-29 07:30:00+00:00,34.663614174684426,0.0,40489.85421,5859.2
2025-10-29 07:45:00+00:00,37.02801608055925,0.0,40489.85421,5859.2
2025-10-29 08:00:00+00:00,39.44275361487787,0.0,40489.85421,5859.2
2025-10-29 08:15:00+00:00,41.793811549926886,0.0,40489.85421,5859.2
2025-10-29 08:30:00+00:00,43.73186196084204,0.0,40489.85421,5859.2
2025-10-29 08:45:00+00:00,44.87397731129416,0.0,40489.85421,5859.2
2025-10-29 09:00:00+00:00,45.84113108624177,0.0,40489.85421,5859.2
2025-10-29 09:15:00+00:00,46.48634671912759,0.0,40489.85421,5859.2
2025-10-29 09:30:00+00:00,46.76123481574652,0.0,40489.85421,5859.2
2025-10-29 09:45:00+00:00,46.494880515324546,0.0,40489.85421,5859.2
2025-10-29 10:00:00+00:00,46.2133788290979,0.0,40489.85421,5859.2
2025-10-29 10:15:00+00:00,45.65082907680662,0.0,40489.85421,5859.2
2025-10-29 10:30:00+00:00,44.69984416297471,0.0,40489.85421,5859.2
2025-10-29 10:45:00+00:00,43.34506502442828,0.0,40489.85421,5859.2
2025-10-29 11:00:00+00:00,41.870472916213785,0.0,40489.85421,5859.2
2025-10-29 11:15:00+00:00,40.199340930113074,0.0,40489.85421,5859.2
2025-10-29 11:30:00+00:00,38.266716322636505,0.0,40489.85421,5859.2
2025-10-29 11:45:00+00:00,36.13961327304765,0.0,40489.85421,5859.2
2025-10-29 12:00:00+00:00,33.90129430216066,0.0,40489.85421,5859.2
2025-10-29 12:15:00+00:00,31.5904035969875,0.0,40489.85421,5859.2
2025-10-29 12:30:00+00:00,29.322334734424228,0.0,40489.85421,5859.2
2025-10-29 12:45:00+00:00,27.13322048607393,0.0,40489.85421,5859.2
2025-10-29 13:00:00+00:00,24.941233818717205,0.0,40489.85421,5859.2
2025-10-29 13:15:00+00:00,22.76754411505662,0.0,40489.85421,5859.2
2025-10-29 13:30:00+00:00,20.85096528528029,0.0,40489.85421,5859.2
2025-10-29 13:45:00+00:00,19.37795645388918,0.0,40489.85421,5859.2
2025-10-29 14:00:00+00:00,17.997644901740145,0.0,40489.85421,5859.2
2025-10-29 14:15:00+00:00,16.651237139442276,0.0,40489.85421,5859.2
2025-10-29 14:30:00+00:00,15.644428028446185,0.0,40489.85421,5859.2
2025-10-29 14:45:00+00:00,15.212781367975555,0.0,40489.85421,5859.2
2025-10-29 15:00:00+00:00,14.979946412029998,0.0,40489.85421,5859.2
2025-10-29 15:15:00+00:00,14.906871395643819,0.0,40489.85421,5859.2
2025-10-29 15:30:00+00:00,15.09662482630572,0.0,40489.85421,5859.2
2025-10-29 15:45:00+00:00,15.708425819109788,0.0,40489.85421,5859.2
2025-10-29 16:00:00+00:00,16.468698477771216,0.0,40489.85421,5859.2
2025-10-29 16:15:00+00:00,17.432564099245774,0.0,40489.85421,5859.2
2025-10-29 16:30:00+00:00,18.660714588548075,0.0,40489.85421,5859.2
2025-10-29 16:45:00+00:00,20.20246129879794,0.0,40489.85421,5859.2
2025-10-29 17:00:00+00:00,21.929947141403527,0.0,40489.85421,5859.2
2025-10-29 17:15:00+00:00,23.78131380551153,0.0,40489.85421,5859.2
2025-10-29 17:30:00+00:00,25.935782684385853,0.0,40489.85421,5859.2
2025-10-29 17:45:00+00:00,28.31405764495951,0.0,40489.85421,5859.2
2025-10-29 18:00:00+00:00,30.91888068150493,0.0,40489.85421,5859.2
2025-10-29 18:15:00+00:00,33.455907694996945,0.0,40489.85421,5859.2
2025-10-29 18:30:00+00:00,35.807326122902715,0.0,40489.85421,5859.2
2025-10-29 18:45:00+00:00,37.97915446966886,0.0,40489.85421,5859.2
2025-10-29 19:00:00+00:00,40.35359784143673,0.0,40489.85421,5859.2
2025-10-29 19:15:00+00:00,42.78736732842166,0.0,40489.85421,5859.2
2025-10-29 19:30:00+00:00,44.86756600966351,0.0,40489.85421,5859.2
2025-10-29 19:45:00+00:00,46.3303292172433,0.0,40489.85421,5859.2
2025-10-29 20:00:00+00:00,47.652272934319775,0.0,40489.85421,5859.2
2025-10-29 20:15:00+00:00,48.91681117736639,0.0,40489.85421,5859.2
2025-10-29 20:30:00+00:00,49.92518711203184,0.0,40489.85421,5859.2
2025-10-29 20:45:00+00:00,50.44947372576627,0.0,40489.85421,5859.2
2025-10-29 21:00:00+00:00,50.835234845827806,0.0,40489.85421,5859.2
2025-10-29 21:15:00+00:00,50.94181234763774,0.0,40489.85421,5859.2
2025-10-29 21:30:00+00:00,50.81865124547269,0.0,40489.85421,5859.2
2025-10-29 21:45:00+00:00,50.35793293567512,0.0,40489.85421,5859.2
2025-10-29 22:00:00+00:00,49.96239044299251,0.0,40489.85421,5859.2
2025-10-29 22:15:00+00:00,49.35488000146955,0.0,40489.85421,5859.2
2025-10-29 22:30:00+00:00,48.4459762331993,0.0,40489.85421,5859.2
2025-10-29 22:45:00+00:00,47.21514324552551,0.0,40489.85421,5859.2
2025-10-29 23:00:00+00:00,43.37325063007068,0.0,40489.85421,5859.2
2025-10-29 23:15:00+00:00,39.966918132647095,0.0,40489.85421,5859.2
2025-10-29 23:30:00+00:00,36.88379258856194,0.0,40489.85421,5859.2
2025-10-29 23:45:00+00:00,33.94859823608292,0.0,40489.85421,5859.2
2025-10-30 00:00:00+00:00,30.309778456478508,0.0,40489.85421,5859.2
2025-10-30 00:15:00+00:00,26.262695281594002,0.0,40489.85421,5859.2
2025-10-30 00:30:00+00:00,22.13886970988149,0.0,40489.85421,5859.2
2025-10-30 00:45:00+00:00,18.116045564566562,0.0,40489.85421,5859.2
2025-10-30 01:00:00+00:00,14.567595596805308,0.0,40489.85421,5859.2
2025-10-30 01:15:00+00:00,11.100588405701227,0.0,40489.85421,5859.2
2025-10-30 01:30:00+00:00,7.645899540129456,0.0,40489.85421,5859.2
2025-10-30 01:45:00+00:00,4.293560439699329,0.0,40489.85421,5859.2
2025-10-30 02:00:00+00:00,1.3234123184732987,0.0,40489.85421,5859.2
2025-10-30 02:15:00+00:00,-1.2753826316527856,0.0,40489.85421,5859.2
2025-10-30 02:30:00+00:00,-3.522522272953779,0.0,40489.85421,5859.2
2025-10-30 02:45:00+00:00,-5.411265757006561,0.0,40489.85421,5859.2
2025-10-30 03:00:00+00:00,-6.960765434562504,0.0,40489.85421,5859.2
2025-10-30 03:15:00+00:00,-8.20955559546615,0.0,40489.85421,5859.2
2025-10-30 03:30:00+00:00,-9.101144653245676,0.0,40489.85421,5859.2
2025-10-30 03:45:00+00:00,-9.584702634090057,0.0,40489.85421,5859.2
2025-10-30 04:00:00+00:00,-9.67946188514609,0.0,40489.85421,5859.2
2025-10-30 04:15:00+00:00,-9.52424489795363,0.0,40489.85421,5859.2
2025-10-30 04:30:00+00:00,-9.122689350851317,0.0,40489.85421,5859.2
2025-10-30 04:45:00+00:00,-8.440008280267243,0.0,40489.85421,5859.2
2025-10-30 05:00:00+00:00,-7.391118204067013,0.0,40489.85421,5859.2
2025-10-30 05:15:00+00:00,-6.103641645820609,0.0,40489.85421,5859.2
2025-10-30 05:30:00+00:00,-4.591752748014208,0.0,40489.85421,5859.2
2025-10-30 05:45:00+00:00,-2.855387898631953,0.0,40489.85421,5859.2
2025-10-30 06:00:00+00:00,-0.8465550996175821,0.0,40489.85421,5859.2
2025-10-30 06:15:00+00:00,1.3251775708623192,0.0,40489.85421,5859.2
2025-10-30 06:30:00+00:00,3.6239550053198357,0.0,40489.85421,5859.2
2025-10-30 06:45:00+00:00,6.028325548718934,0.0,40489.85421,5859.2
2025-10-30 07:00:00+00:00,8.605644610846767,0.0,40489.85421,5859.2
2025-10-30 07:15:00+00:00,11.251605042828507,0.0,40489.85421,5859.2
2025-10-30 07:30:00+00:00,13.88528224142631,0.0,40489.85421,5859.2
2025-10-30 07:45:00+00:00,16.405456913918773,0.0,40489.85421,5859.2
2025-10-30 08:00:00+00:00,18.90288622227797,0.0,40489.85421,5859.2
2025-10-30 08:15:00+00:00,21.31147330408396,0.0,40489.85421,5859.2
2025-10-30 08:30:00+00:00,23.575572437671482,0.0,40489.85421,5859.2
2025-10-30 08:45:00+00:00,25.58422623544151,0.0,40489.85421,5859.2
2025-10-30 09:00:00+00:00,27.409879068587053,0.0,40489.85421,5859.2
2025-10-30 09:15:00+00:00,28.97467076852749,0.0,40489.85421,5859.2
2025-10-30 09:30:00+00:00,30.26985376806238,0.0,40489.85421,5859.2
2025-10-30 09:45:00+00:00,31.255717823099936,0.0,40489.85421,5859.2
2025-10-30 10:00:00+00:00,32.03520973479819,0.0,40489.85421,5859.2
2025-10-30 10:15:00+00:00,32.52308535185455,0.0,40489.85421,5859.2
2025-10-30 10:30:00+00:00,32.703576456950266,0.0,40489.85421,5859.2
2025-10-30 10:45:00+00:00,32.57220695729431,0.0,40489.85421,5859.2
2025-10-30 11:00:00+00:00,32.16779501034455,0.0,40489.85421,5859.2
2025-10-30 11:15:00+00:00,31.471846822423018,0.0,40489.85421,5859.2
2025-10-30 11:30:00+00:00,30.509730440576885,0.0,40489.85421,5859.2
2025-10-30 11:45:00+00:00,29.306965453227253,0.0,40489.85421,5859.2
2025-10-30 12:00:00+00:00,27.91578429079315,0.0,40489.85421,5859.2
2025-10-30 12:15:00+00:00,26.286075899281112,0.0,40489.85421,5859.2
2025-10-30 12:30:00+00:00,24.471325860597748,0.0,40489.85421,5859.2
2025-10-30 12:45:00+00:00,22.527755150223165,0.0,40489.85421,5859.2
2025-10-30 13:00:00+00:00,20.555227227064673,0.0,40489.85421,5859.2
2025-10-30 13:15:00+00:00,18.489947619541518,0.0,40489.85421,5859.2
2025-10-30 13:30:00+00:00,16.38161325979582,0.0,40489.85421,5859.2
2025-10-30 13:45:00+00:00,14.307687532654134,0.0,40489.85421,5859.2
2025-10-30 14:00:00+00:00,12.361831820301015,0.0,40489.85421,5859.2
2025-10-30 14:15:00+00:00,10.476380724967504,0.0,40489.85421,5859.2
2025-10-30 14:30:00+00:00,8.695480534530166,0.0,40489.85421,5859.2
2025-10-30 14:45:00+00:00,7.095406195613853,0.0,40489.85421,5859.2
2025-10-30 15:00:00+00:00,5.751061968311383,0.0,40489.85421,5859.2
2025-10-30 15:15:00+00:00,4.588418910384513,0.0,40489.85421,5859.2
2025-10-30 15:30:00+00:00,3.624079882766935,0.0,40489.85421,5859.2
2025-10-30 15:45:00+00:00,2.9011821238815685,0.0,40489.85421,5859.2
2025-10-30 16:00:00+00:00,2.4770625845285004,0.0,40489.85421,5859.2
2025-10-30 16:15:00+00:00,2.2743194139953253,0.0,40489.85421,5859.2
2025-10-30 16:30:00+00:00,2.298524896170619,0.0,40489.85421,5859.2
2025-10-30 16:45:00+00:00,2.56284492163919,0.0,40489.85421,5859.2
2025-10-30 17:00:00+00:00,3.182869866368332,0.0,40489.85421,5859.2
2025-10-30 17:15:00+00:00,4.034672358950177,0.0,40489.85421,5859.2
2025-10-30 17:30:00+00:00,5.100860317901812,0.0,40489.85421,5859.2
2025-10-30 17:45:00+00:00,6.367682211092637,0.0,40489.85421,5859.2
2025-10-30 18:00:00+00:00,7.929216084867349,0.0,40489.85421,5859.2
2025-10-30 18:15:00+00:00,9.677670094990162,0.0,40489.85421,5859.2
2025-10-30 18:30:00+00:00,11.563128980225322,0.0,40489.85421,5859.2
2025-10-30 18:45:00+00:00,13.543573928547712,0.0,40489.85421,5859.2
2025-10-30 19:00:00+00:00,15.682951690002563,0.0,40489.85421,5859.2
2025-10-30 19:15:00+00:00,17.897415755811625,0.0,40489.85421,5859.2
2025-10-30 19:30:00+00:00,20.13048770963299,0.0,40489.85421,5859.2
2025-10-30 19:45:00+00:00,22.304494372610307,0.0,40489.85421,5859.2
2025-10-30 20:00:00+00:00,24.467162175827777,0.0,40489.85421,5859.2
2025-10-30 20:15:00+00:00,26.540355022038785,0.0,40489.85421,5859.2
2025-10-30 20:30:00+00:00,28.49617666053548,0.0,40489.85421,5859.2
2025-10-30 20:45:00+00:00,30.276972999956048,0.0,40489.85421,5859.2
2025-10-30 21:00:00+00:00,31.938698683785496,0.0,40489.85421,5859.2
2025-10-30 21:15:00+00:00,33.384881414065475,0.0,40489.85421,5859.2
2025-10-30 21:30:00+00:00,34.606110809643994,0.0,40489.85421,5859.2
2025-10-30 21:45:00+00:00,35.58358841474219,0.0,40489.85421,5859.2
2025-10-30 22:00:00+00:00,36.41179335300623,0.0,40489.85421,5859.2
2025-10-30 22:15:00+00:00,37.00409523950665,0.0,40489.85421,5859.2
2025-10-30 22:30:00+00:00,37.34431850201367,0.0,40489.85421,5859.2
2025-10-30 22:45:00+00:00,37.42464315529214,0.0,40489.85421,5859.2
2025-10-30 23:00:00+00:00,34.772341171328684,0.0,40489.85421,5859.2
2025-10-30 23:15:00+00:00,32.41587632025544,0.0,40489.85421,5859.2
2025-10-30 23:30:00+00:00,30.365274485392124,0.0,40489.85421,5859.2
2025-10-30 23:45:00+00:00,28.490769269863378,0.0,40489.85421,5859.2
2025-10-31 00:00:00+00:00,25.945823217287725,0.0,40489.85421,5859.2
2025-10-31 00:15:00+00:00,22.92372581212302,0.0,40489.85421,5859.2
2025-10-31 00:30:00+00:00,19.696551132109036,0.0,40489.85421,5859.2
2025-10-31 00:45:00+00:00,16.436487386227185,0.0,40489.85421,5859.2
2025-10-31 01:00:00+00:00,13.595877715209612,0.0,40489.85421,5859.2
2025-10-31 01:15:00+00:00,10.801425169063599,0.0,40489.85421,5859.2
2025-10-31 01:30:00+00:00,7.896735748431473,0.0,40489.85421,5859.2
2025-10-31 01:45:00+00:00,4.872696254192382,0.0,40489.85421,5859.2
2025-10-31 02:00:00+00:00,2.0334145578009917,0.0,40489.85421,5859.2
2025-10-31 02:15:00+00:00,-0.5691366628337491,0.0,40489.85421,5859.2
2025-10-31 02:30:00+00:00,-2.9484091926707734,0.0,40489.85421,5859.2
2025-10-31 02:45:00+00:00,-5.1504139494096535,0.0,40489.85421,5859.2
2025-10-31 03:00:00+00:00,-7.179467016782326,0.0,40489.85421,5859.2
2025-10-31 03:15:00+00:00,-9.061412343782735,0.0,40489.85421,5859.2
2025-10-31 03:30:00+00:00,-10.71517863746228,0.0,40489.85421,5859.2
2025-10-31 03:45:00+00:00,-12.080003726285206,0.0,40489.85421,5859.2
2025-10-31 04:00:00+00:00,-13.108057354776463,0.0,40489.85421,5859.2
2025-10-31 04:15:00+00:00,-13.924766185603602,0.0,40489.85421,5859.2
2025-10-31 04:30:00+00:00,-14.543006527715399,0.0,40489.85421,5859.2
2025-10-31 04:45:00+00:00,-14.936944561190053,0.0,40489.85421,5859.2
2025-10-31 05:00:00+00:00,-14.958391411164953,0.0,40489.85421,5859.2
2025-10-31 05:15:00+00:00,-14.706754130308425,0.0,40489.85421,5859.2
2025-10-31 05:30:00+00:00,-14.224271360276738,0.0,40489.85421,5859.2
2025-10-31 05:45:00+00:00,-13.542490311449733,0.0,40489.85421,5859.2
2025-10-31 06:00:00+00:00,-12.572830914302763,0.0,40489.85421,5859.2
2025-10-31 06:15:00+00:00,-11.38618591270405,0.0,40489.85421,5859.2
2025-10-31 06:30:00+00:00,-9.996378315286613,0.0,40489.85421,5859.2
2025-10-31 06:45:00+00:00,-8.429912447480305,0.0,40489.85421,5859.2
2025-10-31 07:00:00+00:00,-6.650188663875973,0.0,40489.85421,5859.2
2025-10-31 07:15:00+00:00,-4.75602079204328,0.0,40489.85421,5859.2
2025-10-31 07:30:00+00:00,-2.766378588900544,0.0,40489.85421,5859.2
2025-10-31 07:45:00+00:00,-0.7051560679587396,0.0,40489.85421,5859.2
2025-10-31 08:00:00+00:00,1.4702946539828687,0.0,40489.85421,5859.2
2025-10-31 08:15:00+00:00,3.650224884085077,0.0,40489.85421,5859.2
2025-10-31 08:30:00+00:00,5.800780319122287,0.0,40489.85421,5859.2
2025-10-31 08:45:00+00:00,7.885932222917461,0.0,40489.85421,5859.2
2025-10-31 09:00:00+00:00,9.953722291408596,0.0,40489.85421,5859.2
2025-10-31 09:15:00+00:00,11.901666858585465,0.0,40489.85421,5859.2
2025-10-31 09:30:00+00:00,13.702791243434651,0.0,40489.85421,5859.2
2025-10-31 09:45:00+00:00,15.328976301450535,0.0,40489.85421,5859.2
2025-10-31 10:00:00+00:00,16.836086859068338,0.0,40489.85421,5859.2
2025-10-31 10:15:00+00:00,18.131469249793735,0.0,40489.85421,5859.2
2025-10-31 10:30:00+00:00,19.20047094255133,0.0,40489.85421,5859.2
2025-10-31 10:45:00+00:00,20.03310762296584,0.0,40489.85421,5859.2
2025-10-31 11:00:00+00:00,20.618806950919115,0.0,40489.85421,5859.2
2025-10-31 11:15:00+00:00,20.911030847442472,0.0,40489.85421,5859.2
2025-10-31 11:30:00+00:00,20.938468669888948,0.0,40489.85421,5859.2
2025-10-31 11:45:00+00:00,20.724855470608748,0.0,40489.85421,5859.2
2025-10-31 12:00:00+00:00,20.30971575401038,0.0,40489.85421,5859.2
2025-10-31 12:15:00+00:00,19.610193915181227,0.0,40489.85421,5859.2
2025-10-31 12:30:00+00:00,18.647312791735,0.0,40489.85421,5859.2
2025-10-31 12:45:00+00:00,17.459024114288283,0.0,40489.85421,5859.2
2025-10-31 13:00:00+00:00,16.16530882034678,0.0,40489.85421,5859.2
2025-10-31 13:15:00+00:00,14.704472640685546,0.0,40489.85421,5859.2
2025-10-31 13:30:00+00:00,13.087229764353996,0.0,40489.85421,5859.2
2025-10-31 13:45:00+00:00,11.339043285591993,0.0,40489.85421,5859.2
2025-10-31 14:00:00+00:00,9.57811384110229,0.0,40489.85421,5859.2
2025-10-31 14:15:00+00:00,7.7681016309501185,0.0,40489.85421,5859.2
2025-10-31 14:30:00+00:00,5.940996569114372,0.0,40489.85421,5859.2
2025-10-31 14:45:00+00:00,4.129854582378625,0.0,40489.85421,5859.2
2025-10-31 15:00:00+00:00,2.4321109616902774,0.0,40489.85421,5859.2
2025-10-31 15:15:00+00:00,0.7956822505238463,0.0,40489.85421,5859.2
2025-10-31 15:30:00+00:00,-0.7506126680750569,0.0,40489.85421,5859.2
2025-10-31 15:45:00+00:00,-2.171519737655103,0.0,40489.85421,5859.2
2025-10-31 16:00:00+00:00,-3.3722685629761955,0.0,40489.85421,5859.2
2025-10-31 16:15:00+00:00,-4.41927987558298,0.0,40489.85421,5859.2
2025-10-31 16:30:00+00:00,-5.303088793674341,0.0,40489.85421,5859.2
2025-10-31 16:45:00+00:00,-6.007456005051438,0.0,40489.85421,5859.2
2025-10-31 17:00:00+00:00,-6.377626065434185,0.0,40489.85421,5859.2
2025-10-31 17:15:00+00:00,-6.513805006621574,0.0,40489.85421,5859.2
2025-10-31 17:30:00+00:00,-6.4418922232694555,0.0,40489.85421,5859.2
2025-10-31 17:45:00+00:00,-6.177320973375295,0.0,40489.85421,5859.2
2025-10-31 18:00:00+00:00,-5.612372669996283,0.0,40489.85421,5859.2
2025-10-31 18:15:00+00:00,-4.817833808128647,0.0,40489.85421,5859.2
2025-10-31 18:30:00+00:00,-3.8112917573489327,0.0,40489.85421,5859.2
2025-10-31 18:45:00+00:00,-2.6185218904654946,0.0,40489.85421,5859.2
2025-10-31 19:00:00+00:00,-1.20105800121938,0.0,40489.85421,5859.2
2025-10-31 19:15:00+00:00,0.34983927023083794,0.0,40489.85421,5859.2
2025-10-31 19:30:00+00:00,2.02274381266977,0.0,40489.85421,5859.2
2025-10-31 19:45:00+00:00,3.8009297855543664,0.0,40489.85421,5859.2
2025-10-31 20:00:00+00:00,5.722457404111166,0.0,40489.85421,5859.2
2025-10-31 20:15:00+00:00,7.672563648836345,0.0,40489.85421,5859.2
2025-10-31 20:30:00+00:00,9.620530151976384,0.0,40489.85421,5859.2
2025-10-31 20:45:00+00:00,11.542603611066543,0.0,40489.85421,5859.2
2025-10-31 21:00:00+00:00,13.49305235074518,0.0,40489.85421,5859.2
2025-10-31 21:15:00+00:00,15.36779433674486,0.0,40489.85421,5859.2
2025-10-31 21:30:00+00:00,17.136457321731193,0.0,40489.85421,5859.2
2025-10-31 21:45:00+00:00,18.77237114107703,0.0,40489.85421,5859.2
2025-10-31 22:00:00+00:00,20.332983961864205,0.0,40489.85421,5859.2
2025-10-31 22:15:00+00:00,21.72744731384728,0.0,40489.85421,5859.2
2025-10-31 22:30:00+00:00,22.94109876087685,0.0,40489.85421,5859.2
2025-10-31 22:45:00+00:00,23.96156815231056,0.0,40489.85421,5859.2
